title,price,posted_time,rating,views,comments
['5-Pk Novelty Candy & Snack Brand Multi Color Ballpoint Pens(CheezIt) $7.32 + Free Shipping w/ Prime or on $35+'](https://slickdeals.net/click?trd=Get+Deal+at+Amazon&sdtid=20092317&tid=20092317&prop=diavail-false%7Cdincp-0%7Cdinpd-0%7Cdipgavail-false&pv=278bc1a8bf4411f1b5a4b29c7ef057fd&au=2ada6a8d3e7c43b5bfd3404f4ced963c&action_source=Deal+Details+-+Main+CTA),$7.32,Posted Today ,+5,682 Views,1 Comments
['adidas men Ultimate365 Anorak Jacket $31 + Free Shipping'](https://slickdeals.net/click?trd=Get+Deal+at+eBay&sdtid=20092779&tid=20092779&prop=diavail-false%7Cdincp-0%7Cdinpd-0%7Cdipgavail-false&pv=28b27f36bf4411f19e1ce217579d49e1&au=6e9a3e838b7b4ab3b7d8a0319b235d34&action_source=Deal+Details+-+Main+CTA),$31.00,Posted Today ,+5,483 Views,0 Comments
"['Costco - Philips Norelco Shaver 8000 Electric Shaver, Wet & Dry, with SenseIQ $49.97 in store only YMMV'](https://slickdeals.net/click?trd=See+Deal&sdtid=20092761&tid=20092761&prop=diavail-false%7Cdincp-0%7Cdinpd-0%7Cdipgavail-false&pv=299e2026bf4411f1a8db4ee3af79a76a&au=da34ba6de7554dd4a3037687d015fd81&action_source=Deal+Details+-+Main+CTA)",$49.97,Posted Today ,+6,592 Views,1 Comments
"['HTM Vibration Plate Exercise Machine $38.90 – 9 Modes, 120 Speeds & Resistance Bands'](https://slickdeals.net/click?trd=Get+Deal+at+Amazon&sdtid=20092746&tid=20092746&prop=diavail-false%7Cdincp-0%7Cdinpd-0%7Cdipgavail-false&pv=2a8eef6abf4411f1bd322e250902543e&au=4203134956b24a5b9ae1a07994048554&action_source=Deal+Details+-+Main+CTA)",,Posted Today ,+4,358 Views,0 Comments
['CyberPower OL8KRTHD High-Density Smart App Online Sinewave UPS $7265.45'](https://slickdeals.net/click?trd=Get+Deal+at+Amazon&sdtid=20092677&tid=20092677&prop=diavail-false%7Cdincp-0%7Cdinpd-0%7Cdipgavail-false&pv=2b5e2b5ebf4411f1940de217579d49e1&au=949ac04c1cf3465a841e0231fdd1e8ce&action_source=Deal+Details+-+Main+CTA),"$7,265.45",Posted Today ,+5,691 Views,1 Comments
['Boncare 9 Seconds Basal Body Thermometer for Ovulation (Rice-White) $2.99'](https://slickdeals.net/click?trd=Get+Deal+at+Amazon&sdtid=20092596&tid=20092596&prop=diavail-true%7Cdincp-0%7Cdinpd-10%7Cdipgavail-true&pv=2c369a5cbf4411f1814c6e166978802f&au=2d9bbdf7528f4b01b24aeb685513807e&action_source=Deal+Details+-+Main+CTA),$2.99,Posted Today ,+6,354 Views,1 Comments
['Outliers: The Story of Success by Malcom Gladwell (Kindle)'](https://slickdeals.net/click?trd=Get+Deal+at+Amazon&sdtid=20092035&tid=20092035&prop=diavail-false%7Cdincp-0%7Cdinpd-0%7Cdipgavail-false&pv=2d43607ebf4411f1b81d566ee087412a&au=09670da543314eac8baad5f0bed87af8&action_source=Deal+Details+-+Main+CTA),$3.99,Posted Today ,+5,551 Views,0 Comments
"[""55-Piece DEWALT TOUGH GRIP Screwdriver Bit Set $14.98 + Free Store Pickup at Lowe's or Free Shipping on $35+""](https://slickdeals.net/click?trd=Get+Deal+at+Lowe%27s&sdtid=20091324&tid=20091324&prop=diavail-true%7Cdincp-0%7Cdinpd-1%7Cdipgavail-true&pv=2e0a597cbf4411f1bb2cb6efcc694ae5&au=c3f0efcaf700433d976d607c64a4700c&action_source=Deal+Details+-+Main+CTA)",$14.98,Posted Yesterday ,+6,683 Views,0 Comments
['Razer Pro Click V2 Wireless Vertical Ergonomic Optical Mouse (Black) $89.99 + Free Shipping'](https://slickdeals.net/click?trd=Get+Deal+at+Best+Buy&sdtid=20092212&tid=20092212&prop=diavail-true%7Cdincp-0%7Cdinpd-1%7Cdipgavail-true&pv=2ed2a36ebf4411f1bad28635c2d9b61b&au=26b2e90195c84424845bd6867d2c7202&action_source=Deal+Details+-+Main+CTA),$89.99,Posted Today ,+5,582 Views,0 Comments
['BLUETTI Elite 300 3014Wh 2400W Portable Power Station + F/S $993'](https://slickdeals.net/click?trd=Get+Deal+at+AliExpress&sdtid=20092206&tid=20092206&prop=diavail-false%7Cdincp-0%7Cdinpd-0%7Cdipgavail-false&pv=2f93e06abf4411f1a183b29c7ef057fd&au=82b3e27de8a04e48a7a00b7a0a6fba69&action_source=Deal+Details+-+Main+CTA),$993.00,Posted Today ,+5,590 Views,1 Comments
['The Road: A Graphic Novel Adaptation (Kindle)'](https://slickdeals.net/click?trd=Get+Deal+at+Amazon&sdtid=20091966&tid=20091966&prop=diavail-false%7Cdincp-0%7Cdinpd-0%7Cdipgavail-false&pv=306dd158bf4411f1872dae76506c83d4&au=d8976515631240058c25de9657ba77ee&action_source=Deal+Details+-+Main+CTA),$1.99,Posted Today ,+6,534 Views,1 Comments
['Crock-Pot 20-oz. Lunch Crock Food Warmer $25.59'](https://slickdeals.net/click?trd=Get+Deal+at+Kohl%27s&sdtid=20077257&tid=20077257&prop=diavail-false%7Cdincp-0%7Cdinpd-0%7Cdipgavail-false&pv=317896e6bf4411f1803d621c612e63d8&au=47d065a74b424cd7837827c4ec336916&action_source=Deal+Details+-+Main+CTA),$25.59,Posted 09-29-2026 ,+4,751 Views,0 Comments
['Buyers Products 5534001 DumperDogg 8 Ft Stainless Steel Dump Insert $5896.44'](https://slickdeals.net/click?trd=Get+Deal+at+Amazon&sdtid=20092692&tid=20092692&prop=diavail-false%7Cdincp-0%7Cdinpd-0%7Cdipgavail-false&pv=329f64c8bf4411f1a440423043830975&au=2f518ce48ec0409d9ee939737d9e4b13&action_source=Deal+Details+-+Main+CTA),"$5,896.44",Posted Today ,+7,831 Views,1 Comments
"['[Prime, SnS] $0.67* | 0.65-Oz Amazon Grocery Oregano Leaves at Amazon'](https://slickdeals.net/click?trd=Get+Deal+at+Amazon&sdtid=20091540&tid=20091540&prop=diavail-true%7Cdincp-0%7Cdinpd-7%7Cdipgavail-true&pv=337f2680bf4411f1b720868697983cf8&au=2ae6b5107eb54e558bb811f248076884&action_source=Deal+Details+-+Main+CTA)",$0.67,Posted Yesterday ,+5,541 Views,0 Comments
['$28.99 | ARROWHEAD OUTDOOR Cozy Club at Woot!'](https://slickdeals.net/click?trd=Get+Deal+at+Woot%21&sdtid=20092389&tid=20092389&prop=diavail-false%7Cdincp-0%7Cdinpd-0%7Cdipgavail-false&pv=3445925cbf4411f18638ae76506c83d4&au=7c6196eae4cb4c24b49bd15a48f0649c&action_source=Deal+Details+-+Main+CTA),$28.99,Posted Today ,+7,802 Views,0 Comments
"['Costco : Apple Mac mini (Late 2024) M4 Pro (12C CPU, 16C GPU, 24GB Unified RAM, 512GB SSD, MCX44LL/A) - $1,199.97 + Free Shipping  ($400 off Previous $1,599 MSRP)'](https://slickdeals.net/click?trd=Get+Deal+at+Retailer&sdtid=20092488&tid=20092488&prop=diavail-false%7Cdincp-0%7Cdinpd-0%7Cdipgavail-false&pv=351807b4bf4411f19e56061906b54d59&au=25df8160a20f4c56852bb421dcc365ce&action_source=Deal+Details+-+Main+CTA)","$1,199.97",Posted Today ,+9,"2,295 Views",14 Comments
['[NEW] $12.71 | Tramontina Gourmet 3-Quart Stainless Steel Mixing Bowl at Amazon'](https://slickdeals.net/click?trd=Get+Deal+at+Amazon&sdtid=20091873&tid=20091873&prop=diavail-false%7Cdincp-0%7Cdinpd-0%7Cdipgavail-false&pv=35f2e596bf4411f1a686e217579d49e1&au=e04b3021e5174221ae4e4d4fda180025&action_source=Deal+Details+-+Main+CTA),$12.71,Posted Today ,+5,"1,051 Views",2 Comments
"['BJPKPK 64oz Insulated Water Bottle, Half Gallon Water Jug with Straw Lid $18.82 + Free Shipping'](https://slickdeals.net/click?trd=Get+Deal+at+Amazon&sdtid=20092608&tid=20092608&prop=diavail-false%7Cdincp-0%7Cdinpd-0%7Cdipgavail-false&pv=36ccac9abf4411f1b2096e28d038c26e&au=42e0a70e8ada4a2b9f4d6587eefac862&action_source=Deal+Details+-+Main+CTA)",$18.82,Posted Today ,+8,691 Views,1 Comments
['Fanttik Flip G10 Nano HomeCare Electric Spin Scrubber $29.99 + Free Shipping w/ Prime or on $35+'](https://slickdeals.net/click?trd=Get+Deal+at+Amazon&sdtid=20083146&tid=20083146&prop=diavail-true%7Cdincp-0%7Cdinpd-2%7Cdipgavail-true&pv=37c670c2bf4411f192732e250902543e&au=7e6aad4505c143089c6c97ab52620dc3&action_source=Deal+Details+-+Main+CTA),$29.99,Posted 10-01-2026 ,+6,"1,061 Views",0 Comments
"[""POND'S Nourishing Moisturizing Cream, Crema S 1.75 oz $1.87 or less""](https://slickdeals.net/click?trd=Get+Deal+at+Amazon&sdtid=20092482&tid=20092482&prop=diavail-true%7Cdincp-0%7Cdinpd-1%7Cdipgavail-true&pv=38dbf78ebf4411f1bcf2c2864edf0641&au=4b3c7f2039cd458aa221eea27d67d5d2&action_source=Deal+Details+-+Main+CTA)",$1.87,Posted Today ,+6,641 Views,0 Comments
"[""Amazon – Walifrey Women's Capri Joggers w/ Pockets - $5.49 w/ Code""](https://slickdeals.net/click?trd=Get+Deal+at+Amazon&sdtid=20089152&tid=20089152&prop=diavail-false%7Cdincp-0%7Cdinpd-0%7Cdipgavail-false&pv=39c07b66bf4411f1aeb42e250902543e&au=3b4f53042a2b4e94a585e9eb4a095ecf&action_source=Deal+Details+-+Main+CTA)",$5.49,Posted Yesterday ,+6,"1,329 Views",0 Comments
"['Rubies Disney Princesses: Belle Pet Costume for Dogs or Cats, Medium $13.34 (AC)'](https://slickdeals.net/click?trd=Get+Deal+at+Amazon&sdtid=20088693&tid=20088693&prop=diavail-false%7Cdincp-0%7Cdinpd-0%7Cdipgavail-false&pv=3ab82ee2bf4411f1bad28635c2d9b61b&au=cc8888b0fb9c453aafb96a2d615c1f78&action_source=Deal+Details+-+Main+CTA)",$13.34,Posted Yesterday ,+5,981 Views,0 Comments
"['LANDOT 2 in 1 Hair Straightener and Curler, Twist Flat Iron Dual Voltage 1"" $19.99'](https://slickdeals.net/click?trd=Get+Deal+at+Amazon&sdtid=20083683&tid=20083683&prop=diavail-true%7Cdincp-0%7Cdinpd-1%7Cdipgavail-true&pv=3b71096cbf4411f19824423043830975&au=07183e7900394feab97781945bd63cbb&action_source=Deal+Details+-+Main+CTA)",$19.99,Posted 10-01-2026 ,+5,594 Views,0 Comments
"['[SnS, AC] $2.49* | 6-Oz Kettle Brand Made w/ Avocado Oil  Potato Chips (Special Sauce) at Amazon'](https://slickdeals.net/click?trd=Get+Deal+at+Amazon&sdtid=20082345&tid=20082345&prop=diavail-true%7Cdincp-0%7Cdinpd-5%7Cdipgavail-true&pv=3c2a9e2cbf4411f1ac06da1ed3f17f22&au=d866fd65280740469ac012562784583c&action_source=Deal+Details+-+Main+CTA)",$2.49,Posted 10-01-2026 ,+5,"1,100 Views",4 Comments
['YMMV Burberry Hero Parfum 6.7 Oz Refill - Last Act/Clearance @ Nordstrom Rack & is only available at select stores - Pickup in store only! $65.98'](https://slickdeals.net/click?trd=Get+Deal+at+Nordstrom+Rack&sdtid=20087490&tid=20087490&prop=diavail-false%7Cdincp-0%7Cdinpd-0%7Cdipgavail-false&pv=3d065aa2bf4411f1b688e217579d49e1&au=f4d4184da93c492e878d2de5a82e7307&action_source=Deal+Details+-+Main+CTA),$65.98,Posted Yesterday ,+8,"1,733 Views",1 Comments
['Now You See Me [Blu-ray + DVD + Digital] $5 Amazon.com'](https://slickdeals.net/click?trd=Get+Deal+at+Amazon&sdtid=20091195&tid=20091195&prop=diavail-true%7Cdincp-0%7Cdinpd-4%7Cdipgavail-true&pv=3dd59b1ebf4411f18bc1c2864edf0641&au=1225914aa02b4c49933c2e9d7034cd2c&action_source=Deal+Details+-+Main+CTA),,Posted Yesterday ,+5,709 Views,0 Comments
"['Masters of Horror: Season 1, Vol. 1 Blu Ray ( 3 Films) $8.99 Amazon.com'](https://slickdeals.net/click?trd=Get+Deal+at+Amazon&sdtid=20092218&tid=20092218&prop=diavail-false%7Cdincp-0%7Cdinpd-0%7Cdipgavail-true&pv=3ec03b88bf4411f1a99fd27b60ab1283&au=3ad1bd7b707c4dad8d467d63a85a2369&action_source=Deal+Details+-+Main+CTA)",,Posted Today ,+7,608 Views,3 Comments
"['[Prime] $246.05 | Pioneer DJ DDJ-REV1 2-deck Serato DJ Controller, Black at Amazon'](https://slickdeals.net/click?trd=Get+Deal+at+Amazon&sdtid=20091729&tid=20091729&prop=diavail-true%7Cdincp-2%7Cdinpd-0%7Cdipgavail-true&pv=3fb7b412bf4411f1b3226e166978802f&au=099342faf1394da2b6c2bbd8054c2be5&action_source=Deal+Details+-+Main+CTA)",$246.05,Posted Today ,+8,"1,046 Views",1 Comments
['$19.99: HORI Puff Pouch for Nintendo Switch 2(Kirby & Waddle Dee) at Woot!'](https://slickdeals.net/click?trd=Get+Deal+at+Woot%21&sdtid=20078181&tid=20078181&prop=diavail-false%7Cdincp-0%7Cdinpd-0%7Cdipgavail-false&pv=407ef360bf4411f19298566ee087412a&au=a384907ecd0049ebac71449c140414a7&action_source=Deal+Details+-+Main+CTA),$19.99,Posted 09-30-2026 ,+6,"1,362 Views",1 Comments
"['[YMMV, AC] $6.37* | 3-pk Squishmallows Original Suri Sunset Cow (3.5"", 5"", 8"") at Amazon'](https://slickdeals.net/click?trd=Get+Deal+at+Amazon&sdtid=20091510&tid=20091510&prop=diavail-true%7Cdincp-0%7Cdinpd-7%7Cdipgavail-true&pv=4174f94abf4411f1925f6e166978802f&au=696245a86ecb4df0911786fca686f61c&action_source=Deal+Details+-+Main+CTA)",$6.37,Posted Yesterday ,+6,738 Views,0 Comments
['DJI Osmo Mobile 7 3-Axis Phone Gimbal with Built-in Tripod $41.70 + Free Shipping'](https://slickdeals.net/click?trd=Get+Deal+at+AliExpress&sdtid=20092632&tid=20092632&prop=diavail-false%7Cdincp-0%7Cdinpd-0%7Cdipgavail-false&pv=4285aec4bf4411f19a4c061906b54d59&au=dd5ecad7a7d44bab9e79af1c756ff661&action_source=Deal+Details+-+Main+CTA),$41.70,Posted Today ,+10,907 Views,0 Comments
['NutriBullet Juicer $45.99'](https://slickdeals.net/click?trd=Get+Deal+at+Kohl%27s&sdtid=20092581&tid=20092581&prop=diavail-false%7Cdincp-0%7Cdinpd-0%7Cdipgavail-false&pv=433b3cb2bf4411f1b4728ac793669e7a&au=4888c7a7284b427abb5dc752efcb174d&action_source=Deal+Details+-+Main+CTA),$45.99,Posted Today ,+13,813 Views,0 Comments
['Ryobi USB Lithium-Ion 2.0 Ah Rechargeable Batteries (4-Pack) $39.97'](https://slickdeals.net/click?trd=Get+Deal+at+Home+Depot&sdtid=20092386&tid=20092386&prop=diavail-true%7Cdincp-0%7Cdinpd-1%7Cdipgavail-true&pv=440be29abf4411f1893c820d81af9700&au=ce1e3bc32e1e470e8e7ef8f7546b39e5&action_source=Deal+Details+-+Main+CTA),$39.97,Posted Today ,+7,"1,083 Views",2 Comments
"['Mr. Halloween 18 in Jack-O-Lantern Candy Bowl with LED Lights, Blow Mold Trick or Treat Holder, Vintage Light Up Halloween Candy Dish $29.97'](https://slickdeals.net/click?trd=Get+Deal+at+Amazon&sdtid=20092011&tid=20092011&prop=diavail-false%7Cdincp-0%7Cdinpd-0%7Cdipgavail-true&pv=44dea2cabf4411f18f216e166978802f&au=a4e12b3652d846368e81eab3e0659afd&action_source=Deal+Details+-+Main+CTA)",$29.97,Posted Today ,+7,976 Views,1 Comments
['AME INTL 100-1H Heavy Duty Jack (100T) $12225.85'](https://slickdeals.net/click?trd=Get+Deal+at+Amazon&sdtid=20092029&tid=20092029&prop=diavail-false%7Cdincp-0%7Cdinpd-0%7Cdipgavail-false&pv=45f028aabf4411f1b518f60cc41af4b1&au=0e4bad70dce04aea95738d9fa93c7153&action_source=Deal+Details+-+Main+CTA),"$12,225.85",Posted Today ,+4,"1,191 Views",3 Comments
"[""6.6' Lisen 4-in-1 USB-C Charging & Data Cable (Grey, 240W) $6.99 + Free Shipping w/ Prime or on $35+""](https://slickdeals.net/click?trd=Get+Deal+at+Amazon&sdtid=20072364&tid=20072364&prop=diavail-true%7Cdincp-0%7Cdinpd-1%7Cdipgavail-true&pv=46ca9d14bf4411f1adeec2864edf0641&au=585d42d91a8e4a56bea48f793840f68a&action_source=Deal+Details+-+Main+CTA)",$6.99,Posted 09-28-2026 ,+5,"2,429 Views",0 Comments
['$12.97* | 1000-Pc Buffalo Games Pokémon Pixel Rainbow Jigsaw Puzzle at Amazon'](https://sd-core-app-web-canary-active/click?trd=Get+Deal+at+Amazon&sdtid=20092257&tid=20092257&prop=diavail-true%7Cdincp-0%7Cdinpd-2%7Cdipgavail-true&pv=47b7b3c4bf4411f1a8d0da0ca0bce6dc&au=557278b80d59493b86e6f60f4d420acc&action_source=Deal+Details+-+Main+CTA),$12.97,Posted Today ,+7,"1,299 Views",1 Comments
"['[SnS, AC] $9.75 | 21-Pack 1-Oz Ruffles Potato Chips at Amazon'](https://slickdeals.net/click?trd=Get+Deal+at+Amazon&sdtid=20087973&tid=20087973&prop=diavail-false%7Cdincp-0%7Cdinpd-0%7Cdipgavail-true&pv=48d1b6cebf4411f18c1ef292838254f7&au=7d6aacbc6bff4fe89b9b2d45408befea&action_source=Deal+Details+-+Main+CTA)",$9.75,Posted Yesterday ,+5,"1,429 Views",1 Comments
['$94.95 | Brooks Men’s Ghost Max 3 Running Shoe at Amazon'](https://slickdeals.net/click?afsrc=1&trd=Get%20Deal%20at%20Amazon&sdtid=20092341&tid=20092341&prop=diavail-false%7Cdincp-0%7Cdinpd-0%7Cdipgavail-true&pv=498fd906bf4411f1968cba0a1baccc64&au=2014d2ea57fe4c4ab0efe791bf8ee896),$94.95,Posted Today ,+9,"2,070 Views",2 Comments
['18V Cordless Jig Saw Kit w/ 2.0Ah Li-Ion Battery & Charger $129.00 + Free Shipping'](https://slickdeals.net/click?trd=Get+Deal+at+Home+Depot&sdtid=20092281&tid=20092281&prop=diavail-true%7Cdincp-0%7Cdinpd-3%7Cdipgavail-true&pv=4a95f7b8bf4411f1983d8ac793669e7a&au=cbdc588eaf9c40d3bf04a1501af6a279&action_source=Deal+Details+-+Main+CTA),$129.00,Posted Today ,+8,562 Views,0 Comments
"['Ryobi ONE+ 18V Cordless 4"" Clamp Fan (Tool Only) $19.97 + Free Shipping'](https://slickdeals.net/click?trd=Get+Deal+at+Home+Depot&sdtid=20092296&tid=20092296&prop=diavail-true%7Cdincp-0%7Cdinpd-17%7Cdipgavail-true&pv=4b88be4ebf4411f1bbdc621c612e63d8&au=4ae22acbbd604848bf116ce854a90bfc&action_source=Deal+Details+-+Main+CTA)",$19.97,Posted Today ,+11,"1,291 Views",7 Comments
['Hellboy - 4K + Blu-ray + Digital $15.45 Amazon.com'](https://slickdeals.net/click?trd=Get+Deal+at+Amazon&sdtid=20092185&tid=20092185&prop=diavail-true%7Cdincp-0%7Cdinpd-1%7Cdipgavail-true&pv=4c83e670bf4411f1b3766e166978802f&au=260131a1ba6b4d1d98c6dc9e90ccf99f&action_source=Deal+Details+-+Main+CTA),,Posted Today ,+6,576 Views,0 Comments
"['$7.15: McFarlane Toys DC Direct Cyborg 4.5"" Limited Edition Vinyl Figure at Amazon'](https://slickdeals.net/click?trd=Get+Deal+at+Amazon&sdtid=20087088&tid=20087088&prop=diavail-true%7Cdincp-0%7Cdinpd-1%7Cdipgavail-true&pv=4d6af268bf4411f19ffab29c7ef057fd&au=07823e9150494beaa61a5d0b954cbecb&action_source=Deal+Details+-+Main+CTA)",$7.15,Posted 10-01-2026 ,+5,"1,008 Views",0 Comments
"['Portable Steam Cleaner Kit; 2500W, High Temp, 1200ml Tank, Multiple Attachments, 4.9 rating; free s&h $21.84'](https://slickdeals.net/click?trd=Get+Deal+at+AliExpress&sdtid=20092392&tid=20092392&prop=diavail-false%7Cdincp-0%7Cdinpd-0%7Cdipgavail-false&pv=4e439a6ebf4411f1b918423043830975&au=d77887a346ec46b68080d7eeafacaf97&action_source=Deal+Details+-+Main+CTA)",$21.84,Posted Today ,+6,903 Views,1 Comments
"['[Prime, SnS] $1.07* | 4.5-Oz Happy Belly Lemon Pepper Seasoning Salt at Amazon'](https://slickdeals.net/click?trd=Get+Deal+at+Amazon&sdtid=20091534&tid=20091534&prop=diavail-true%7Cdincp-0%7Cdinpd-6%7Cdipgavail-true&pv=4f29d77cbf4411f1857fda1ed3f17f22&au=255adba4dc6d4b958ac94ef3e05a08c4&action_source=Deal+Details+-+Main+CTA)",$1.07,Posted Yesterday ,+6,596 Views,0 Comments
['Prime Members: 3-PC YTL Makeup Travel Cosmetic Bag Puffer or PU Leather (Various Colors) from $7.64 + Free Shipping'](https://slickdeals.net/click?trd=Get+Deal+at+Amazon&sdtid=20089482&tid=20089482&prop=diavail-false%7Cdincp-0%7Cdinpd-0%7Cdipgavail-false&pv=50387236bf4411f18b7666cb283f7153&au=a23fa0737038416ba5b075add740f75b&action_source=Deal+Details+-+Main+CTA),$7.64,Posted Yesterday ,+7,"1,851 Views",0 Comments
['Sofirn SP36 Pro 8000 Lumen Rechargeable Flashlight w/Anduril 2; free s&h $28.79'](https://slickdeals.net/click?trd=Get+Deal+at+AliExpress&sdtid=20092422&tid=20092422&prop=diavail-false%7Cdincp-0%7Cdinpd-0%7Cdipgavail-false&pv=51514bb6bf4411f190ccae76506c83d4&au=0856ea3fea4441409f9c0469e83befc0&action_source=Deal+Details+-+Main+CTA),$28.79,Posted Today ,+12,"1,098 Views",7 Comments
"['[Prime] $87.39 | WORX Trivac 3-in-1 Electric Leaf Blower/Leaf Vacuum/Leaf Mulcher, WG512 at Amazon'](https://slickdeals.net/click?trd=Get+Deal+at+Amazon&sdtid=20091723&tid=20091723&prop=diavail-true%7Cdincp-0%7Cdinpd-2%7Cdipgavail-false&pv=526562a8bf4411f18a24423043830975&au=9f3eab6cc317490d9320165cb2320a97&action_source=Deal+Details+-+Main+CTA)",$87.39,Posted Today ,+5,831 Views,0 Comments
['Disguise Minecraft Charged Creeper Costume - from $11.54'](https://slickdeals.net/click?trd=Get+Deal+at+Amazon&sdtid=20091318&tid=20091318&prop=diavail-false%7Cdincp-0%7Cdinpd-0%7Cdipgavail-false&pv=532e4240bf4411f1bcc8868697983cf8&au=393376c2118041e7b9b3bcd681c5e22b&action_source=Deal+Details+-+Main+CTA),$11.54,Posted Yesterday ,+6,886 Views,1 Comments
['[Prime]Ragebby 12lbs Weighted Vest w/ Reflective Stripe $9.99 + Free S&H at Amazon'](https://slickdeals.net/click?trd=Get+Deal+at+Amazon&sdtid=20091918&tid=20091918&prop=diavail-false%7Cdincp-0%7Cdinpd-0%7Cdipgavail-false&pv=54194d62bf4411f1940de217579d49e1&au=5ad3297dbf5544239008c09f33f1ea4c&action_source=Deal+Details+-+Main+CTA),$9.99,Posted Today ,+6,991 Views,3 Comments
"['3 x A&W Zero Sugar Root Beer Soda, 12 fl oz cans, 12 pack $15.05 or less MBUY S&S'](https://slickdeals.net/click?trd=Get+Deal+at+Amazon&sdtid=20092260&tid=20092260&prop=diavail-true%7Cdincp-1%7Cdinpd-20%7Cdipgavail-true&pv=5632d5bebf4411f1a94d423043830975&au=fb38fc7612254439863c67d4b9112e74&action_source=Deal+Details+-+Main+CTA)",$15.05,Posted Today ,+12,"1,130 Views",4 Comments
"['[Prime, SnS] $1.31 | 2.8-Oz 365 by Whole Foods Market Organic Mini Toast at Amazon'](https://slickdeals.net/click?trd=Get+Deal+at+Amazon&sdtid=20091549&tid=20091549&prop=diavail-true%7Cdincp-0%7Cdinpd-2%7Cdipgavail-true&pv=5720f58cbf4411f1a9ba8ac793669e7a&au=65cdd7604f8e483b9cbdff291980ca46&action_source=Deal+Details+-+Main+CTA)",$1.31,Posted Yesterday ,+7,"1,112 Views",0 Comments
['$83.25: Kumho Crugen HP71 Elect All Season 235/55R18 104V XL Electric Vehicle Tire at Walmart.com'](https://slickdeals.net/click?trd=Get+Deal+at+Walmart&sdtid=20091924&tid=20091924&prop=diavail-false%7Cdincp-0%7Cdinpd-0%7Cdipgavail-true&pv=5820a644bf4411f1905e8ac793669e7a&au=3fc1934139084a6f9e7527cc2319eaa9&action_source=Deal+Details+-+Main+CTA),$83.25,Posted Today ,+9,"1,534 Views",0 Comments
"[""[SnS] $7.47 | 18-Pack 1-Oz Dot's Homestyle Pretzels Seasoned Pretzel Twists (Variety Pack) at Amazon""](https://slickdeals.net/click?trd=Get+Deal+at+Amazon&sdtid=20091858&tid=20091858&prop=diavail-true%7Cdincp-0%7Cdinpd-7%7Cdipgavail-true&pv=58f03c42bf4411f192732e250902543e&au=0f51f29ea4e74f199eec79198a4eda33&action_source=Deal+Details+-+Main+CTA)",$7.47,Posted Today ,+8,"1,016 Views",0 Comments
"['[YMMV, AC] $27.99 | CRKD NEO S Controller with 5-Fret Guitar Grip Attachment (Black Tribal Edition) at Amazon'](https://slickdeals.net/click?trd=Get+Deal+at+Amazon&sdtid=20088219&tid=20088219&prop=diavail-true%7Cdincp-0%7Cdinpd-3%7Cdipgavail-true&pv=5a0905dcbf4411f19ead868697983cf8&au=dc74dbb9e3af43889729872bf75ea5ea&action_source=Deal+Details+-+Main+CTA)",$27.99,Posted Yesterday ,+7,"1,767 Views",0 Comments
['[Prime] $10.08* | DK: Knowledge Encyclopedia Space! (Hardcover) at Amazon'](https://slickdeals.net/click?trd=Get+Deal+at+Amazon&sdtid=20092401&tid=20092401&prop=diavail-true%7Cdincp-0%7Cdinpd-1%7Cdipgavail-false&pv=5b13eab4bf4411f1a8db4ee3af79a76a&au=e3408813456543b181085cad151d4fac&action_source=Deal+Details+-+Main+CTA),$10.08,Posted Today ,+16,851 Views,0 Comments
"['QVC New Customers: 30"" Ornavo Home Foldable Tufted Linen Storage Ottoman Bench (Various Colors) $26.38 + Free Shipping'](https://slickdeals.net/click?trd=Get+Deal+at+QVC&sdtid=20092122&tid=20092122&prop=diavail-false%7Cdincp-0%7Cdinpd-0%7Cdipgavail-false&pv=5bf1695cbf4411f1a19f4ee3af79a76a&au=7ae2a805d5484f73a3f8cde9fabdf0ac&action_source=Deal+Details+-+Main+CTA)",$26.38,Posted Today ,+9,898 Views,2 Comments
['Pet Sematary [4K UHD]'](https://slickdeals.net/click?trd=See+Deal&sdtid=20092155&tid=20092155&prop=diavail-false%7Cdincp-0%7Cdinpd-0%7Cdipgavail-false&pv=5ceff2e2bf4411f18381c27b1e6f7595&au=28fd3bc76e954e369a88023359467a75&action_source=Deal+Details+-+Main+CTA),,Posted Today ,+7,445 Views,1 Comments
"['[AC] $13.78 | 6-Pc DeWALT 3/8"" Metric Impact Socket Set at Amazon'](https://slickdeals.net/click?trd=Get+Deal+at+Amazon&sdtid=20092203&tid=20092203&prop=diavail-true%7Cdincp-0%7Cdinpd-4%7Cdipgavail-true&pv=5daaa98ebf4411f1a25d1eecbc8fbdc8&au=a1f6bee6f4d044d88adeaef06684c88d&action_source=Deal+Details+-+Main+CTA)",$13.78,Posted Today ,+14,"1,129 Views",2 Comments
['[Prime] $19.94 | 4-Piece Corelle Versa Bowls at Amazon'](https://slickdeals.net/click?trd=Get+Deal+at+Amazon&sdtid=20091420&tid=20091420&prop=diavail-false%7Cdincp-0%7Cdinpd-0%7Cdipgavail-true&pv=5e845bacbf4411f189f42e250902543e&au=0e3dbd9ba6334b32851452cccad665e5&action_source=Deal+Details+-+Main+CTA),$19.94,Posted Yesterday ,+9,"1,734 Views",0 Comments
['Glorious GHS Eternal Over-Ear Wired Gaming Headset (Black) $26.31 + Free Shipping'](https://slickdeals.net/click?trd=Get+Deal+at+Best+Buy&sdtid=20092233&tid=20092233&prop=diavail-true%7Cdincp-0%7Cdinpd-2%7Cdipgavail-true&pv=5f415a86bf4411f19b798ac793669e7a&au=876ca267e38448eca8a9dd2fb1ebe118&action_source=Deal+Details+-+Main+CTA),$26.31,Posted Today ,+6,"1,070 Views",0 Comments
"['[Prime, SnS] $1.42* | 8-Pack 1.3-Oz Happy Belly Fruit & Grain Cereal Bars (Apple Cinnamon) at Amazon (17.8￠ each)'](https://slickdeals.net/click?trd=Get+Deal+at+Amazon&sdtid=20091633&tid=20091633&prop=diavail-true%7Cdincp-0%7Cdinpd-2%7Cdipgavail-true&pv=60473c2abf4411f1b4a9e217579d49e1&au=7ef392201c9f44f08f9cd6ae98d36963&action_source=Deal+Details+-+Main+CTA)",$1.42,Posted Yesterday ,+12,906 Views,0 Comments
['[Prime] Play-Doh Dinosaur 13-Pack Modeling Compound Set $9.49 + Free Shipping'](https://slickdeals.net/click?trd=Get+Deal+at+Amazon&sdtid=20091417&tid=20091417&prop=diavail-true%7Cdincp-0%7Cdinpd-1%7Cdipgavail-true&pv=61318dcabf4411f1b9e816200a5cfea0&au=8e6bc833160f4bdb8af1221c843d5a70&action_source=Deal+Details+-+Main+CTA),$9.49,Posted Yesterday ,+7,865 Views,0 Comments
"['[Prime, SnS] $4.84* | 25-Oz Amazon Grocery Smoked BBQ Rub at Amazon'](https://slickdeals.net/click?trd=Get+Deal+at+Amazon&sdtid=20091513&tid=20091513&prop=diavail-true%7Cdincp-0%7Cdinpd-1%7Cdipgavail-false&pv=61eab962bf4411f18745be00fabfcffb&au=8a304ff8da4b4d078367836a561978bc&action_source=Deal+Details+-+Main+CTA)",$4.84,Posted Yesterday ,+9,924 Views,0 Comments
"['Milwaukee Tool 2630-20 M18 6 1 2"" Circular Saw - (Bare Tool) $99'](https://slickdeals.net/click?trd=Get+Deal+at+Fasteners+Inc&sdtid=20091246&tid=20091246&prop=diavail-false%7Cdincp-0%7Cdinpd-0%7Cdipgavail-false&pv=62aff812bf4411f1b918423043830975&au=022dbfb5920647b582ffa3980ec0a94a&action_source=Deal+Details+-+Main+CTA)",$99.00,Posted Yesterday ,+8,"1,585 Views",0 Comments
['[Prime] 3-Pack 3.2-Oz Colgate Optic White Advanced Hydrogen Peroxide Whitening Toothpaste $8.07 w/ S&S + Free Shipping'](https://slickdeals.net/click?trd=Get+Deal+at+Amazon&sdtid=20086647&tid=20086647&prop=diavail-true%7Cdincp-0%7Cdinpd-15%7Cdipgavail-true&pv=6390566ebf4411f1a1516e28d038c26e&au=91caacfa0ce24e528bea3222e982e8b4&action_source=Deal+Details+-+Main+CTA),$8.07,Posted 10-01-2026 ,+6,927 Views,2 Comments
"['[Prime] $31.49 | WORX Cordless Screwdriver, 4V 6-Bit Set with Screw Holder, WX255L.5 at Amazon'](https://slickdeals.net/click?trd=Get+Deal+at+Amazon&sdtid=20091705&tid=20091705&prop=diavail-true%7Cdincp-0%7Cdinpd-1%7Cdipgavail-true&pv=64695158bf4411f184c2566ee087412a&au=21288fed0ffc414bad562af4d4c4d5b7&action_source=Deal+Details+-+Main+CTA)",$31.49,Posted Today ,+11,935 Views,1 Comments
['FLASHFORGE Creator 5 High Speed 3D Printer Multi-Extruders + F/S $525'](https://slickdeals.net/click?trd=Get+Deal+at+AliExpress&sdtid=20092224&tid=20092224&prop=diavail-false%7Cdincp-0%7Cdinpd-0%7Cdipgavail-false&pv=654a8e8ebf4411f1930fc2864edf0641&au=a03462428a92411481a59eb0006a36fa&action_source=Deal+Details+-+Main+CTA),$525.00,Posted Today ,+9,"1,767 Views",23 Comments
['The Battle Royale - Battle Royale: The Complete Collection - BLU-RAY $17.99'](https://slickdeals.net/click?trd=Get+Deal+at+Best+Buy&sdtid=20090412&tid=20090412&prop=diavail-false%7Cdincp-0%7Cdinpd-0%7Cdipgavail-true&pv=6648bd24bf4411f18987128cadcb18e4&au=9b0a6b39fb254dfcacfa2ad655eebad6&action_source=Deal+Details+-+Main+CTA),$17.99,Posted Yesterday ,+4,964 Views,0 Comments
"['(4 Pack) Eneloop Panasonic Pro Battery Adapters Size C, D or Both $4.99'](https://slickdeals.net/click?trd=Get+Deal+at+Woot%21&sdtid=20069892&tid=20069892&prop=diavail-false%7Cdincp-0%7Cdinpd-0%7Cdipgavail-false&pv=670aa768bf4411f185a27678f6db10bb&au=1a65c859534542e69eccd968126f04c5&action_source=Deal+Details+-+Main+CTA)",$4.99,Posted 09-28-2026 ,+8,"1,559 Views",6 Comments
"['[YMMV, AC] $7.70 | 10.25″ Mercer Culinary Pre-Seasoned Cast Iron Skillet at Amazon'](https://slickdeals.net/click?trd=Get+Deal+at+Amazon&sdtid=20091822&tid=20091822&prop=diavail-true%7Cdincp-0%7Cdinpd-5%7Cdipgavail-true&pv=67e62630bf4411f1b5c9e217579d49e1&au=9a4351923b7a4a27bb2c22391b2d1e7d&action_source=Deal+Details+-+Main+CTA)",$7.70,Posted Today ,+9,"1,509 Views",4 Comments
['Countdown to Halloween: 31-Digital Movie $49.99'](https://slickdeals.net/click?trd=Get+Deal+at+Fanflix&sdtid=20091621&tid=20091621&prop=diavail-false%7Cdincp-0%7Cdinpd-0%7Cdipgavail-false&pv=68e17b98bf4411f1b6e81eecbc8fbdc8&au=04eb39e7560e4daabc432fa053077eb9&action_source=Deal+Details+-+Main+CTA),$49.99,Posted Yesterday ,+8,"1,014 Views",2 Comments
"['FIT KING Air Compression Leg and Foot Massager with Heat for Circulation w/ Adjustable Leg Wraps, Size Extensions, 3 Modes 3 Intensities $50'](https://slickdeals.net/click?trd=Get+Deal+at+Amazon&sdtid=20091102&tid=20091102&prop=diavail-false%7Cdincp-0%7Cdinpd-0%7Cdipgavail-true&pv=69f31a96bf4411f18b7666cb283f7153&au=c8474ca251b345688121e2be83835ff6&action_source=Deal+Details+-+Main+CTA)",$50.00,Posted Yesterday ,+7,"1,434 Views",2 Comments
"['[Prime] $23.94* | Lodge 10.25"" America\'s 250th Anniversary USA Icons Seasoned Cast Iron Skillet at Amazon'](https://sd-core-app-web-canary-active/click?trd=Get+Deal+at+Amazon&sdtid=20091696&tid=20091696&prop=diavail-true%7Cdincp-1%7Cdinpd-1%7Cdipgavail-true&pv=6ac496acbf4411f1887bda0ca0bce6dc&au=8c9aeb60a0614d0ba7e09edd3a6047a9&action_source=Deal+Details+-+Main+CTA)",$23.94,Posted Today ,+11,"1,398 Views",1 Comments
"['$80.51 | 27"" Acer 1080p 120Hz IPS sRGB 99% 1ms Monitor at Amazon'](https://slickdeals.net/click?trd=Get+Deal+at+Amazon&sdtid=20091948&tid=20091948&prop=diavail-true%7Cdincp-0%7Cdinpd-7%7Cdipgavail-true&pv=6b7adb06bf4411f1b22e16200a5cfea0&au=be4147810e2d417ebdfa43c198beafce&action_source=Deal+Details+-+Main+CTA)",$80.51,Posted Today ,+11,"1,292 Views",0 Comments
"['[Prime] $90.24* | WORX Cordless Pole Hedge Trimmer, 20V 20"" 2-in-1 Attachment Capable, WG252 at Amazon'](https://slickdeals.net/click?trd=Get+Deal+at+Amazon&sdtid=20092068&tid=20092068&prop=diavail-true%7Cdincp-0%7Cdinpd-2%7Cdipgavail-true&pv=6c2715b0bf4411f19741aad24f9fbbd5&au=eaedfe84ef024edda7186f01a8ae0738&action_source=Deal+Details+-+Main+CTA)",$90.24,Posted Today ,+8,"1,213 Views",0 Comments
"['Timex Unisex Weekender Black/Silver 38mm Casual Watch, Fabric Slip-Thru Strap $46.26'](https://slickdeals.net/click?trd=Get+Deal+at+Walmart&sdtid=20090010&tid=20090010&prop=diavail-true%7Cdincp-1%7Cdinpd-0%7Cdipgavail-false&pv=6d25e144bf4411f19b798ac793669e7a&au=9e4bd8792f824264ba4651733d6e7288&action_source=Deal+Details+-+Main+CTA)",$46.26,Posted Yesterday ,+4,"1,299 Views",2 Comments
"['[Prime, SnS] $3.11* | 50-Oz Amazon Basics Liquid Hand Soap Refill (Mango & Coconut Water) at Amazon'](https://slickdeals.net/click?trd=Get+Deal+at+Amazon&sdtid=20091756&tid=20091756&prop=diavail-true%7Cdincp-0%7Cdinpd-6%7Cdipgavail-true&pv=6e22c026bf4411f188d16e669e1ba6d4&au=1d3c1c8df5f94ab1ac0b20694e984e66&action_source=Deal+Details+-+Main+CTA)",$3.11,Posted Today ,+9,"1,075 Views",0 Comments
"[""[Prime] $19.60 | 32' GE Cync Dynamic Effects Indoor Smart LED Light Strip at Amazon""](https://slickdeals.net/click?trd=Get+Deal+at+Amazon&sdtid=20091699&tid=20091699&prop=diavail-true%7Cdincp-0%7Cdinpd-5%7Cdipgavail-true&pv=6eeed328bf4411f1a25d1eecbc8fbdc8&au=6439ec26e4064f888c3fa2e2bd1b6c9f&action_source=Deal+Details+-+Main+CTA)",$19.60,Posted Today ,+7,"1,249 Views",1 Comments
['$129.99* | Zojirushi CD WGC30 Micom Water Boiler and Warmer at Amazon'](https://slickdeals.net/click?trd=Get+Deal+at+Amazon&sdtid=20089941&tid=20089941&prop=diavail-true%7Cdincp-0%7Cdinpd-1%7Cdipgavail-true&pv=6fbf17c2bf4411f1a8db4ee3af79a76a&au=c242ac97b6b2479fa5bb753152e3d57e&action_source=Deal+Details+-+Main+CTA),$129.99,Posted Yesterday ,+11,"2,595 Views",6 Comments
['$1.99 | How Space Works: The Facts Visually Explained (DK How Stuff Works) (eBook) by DK'](https://slickdeals.net/click?trd=Get+Deal+at+Amazon&sdtid=20091528&tid=20091528&prop=diavail-false%7Cdincp-0%7Cdinpd-0%7Cdipgavail-true&pv=70bb44debf4411f18ec14ee3af79a76a&au=934e34d3f9364900b280f73bb1b200f1&action_source=Deal+Details+-+Main+CTA),$1.99,Posted Yesterday ,+9,845 Views,1 Comments
['$8.99 | USB 3.0 to SATA Lay-Flat Docking Station (Grade A Refurbished) at Woot!'](https://slickdeals.net/click?trd=Get+Deal+at+Woot%21&sdtid=20091876&tid=20091876&prop=diavail-false%7Cdincp-0%7Cdinpd-0%7Cdipgavail-false&pv=719b57e0bf4411f19e7ff60cc41af4b1&au=3d599b3048ed41c194cf93c0a554e6f3&action_source=Deal+Details+-+Main+CTA),$8.99,Posted Today ,+16,"2,064 Views",5 Comments
"[""SWISSWELL Men's Ultra Light Rain Jacket Breathable Raincoat for Cycling $14.99 AC""](https://slickdeals.net/click?trd=Get+Deal+at+Amazon&sdtid=20070984&tid=20070984&prop=diavail-false%7Cdincp-0%7Cdinpd-0%7Cdipgavail-false&pv=725a696ebf4411f1a183b29c7ef057fd&au=ffe20bd07eca4e5fb0d75c740235c5b4&action_source=Deal+Details+-+Main+CTA)",$14.99,Posted 09-28-2026 ,+8,"2,261 Views",0 Comments
"['[Prime] Bluey & Bingo Supermarket Playset w/ Moving Escalator, 24 Sound Effects & 15-Piece Set $28.49 + Free Shipping'](https://slickdeals.net/click?trd=Get+Deal+at+Amazon&sdtid=20091426&tid=20091426&prop=diavail-true%7Cdincp-0%7Cdinpd-6%7Cdipgavail-true&pv=732b123abf4411f19d706e166978802f&au=a6a325515b234b759c44b8a10866fae0&action_source=Deal+Details+-+Main+CTA)",$28.49,Posted Yesterday ,+7,"1,146 Views",0 Comments
"['NEW! La Victoria Chipolte or Jalapeno Shelf Stable Sauces $3, get $1.50 Walmart Cash, LIMIT 5!'](https://slickdeals.net/click?trd=Get+Deal+at+Walmart&sdtid=20089080&tid=20089080&prop=diavail-false%7Cdincp-0%7Cdinpd-0%7Cdipgavail-false&pv=742ad990bf4411f1a63cd27b60ab1283&au=f1b7dc9190d44f17aee3a038d4d8f2d2&action_source=Deal+Details+-+Main+CTA)",$3.00,Posted Yesterday ,+9,"1,248 Views",2 Comments
"['AMAZON w/Code 4-Pk 54"" x 108"" QZYL Halloween Disposable Plastic Tablecloths $7'](https://slickdeals.net/click?trd=Get+Deal+at+Amazon&sdtid=20090988&tid=20090988&prop=diavail-true%7Cdincp-0%7Cdinpd-1%7Cdipgavail-false&pv=74f84d30bf4411f1ab4dae76506c83d4&au=d97b7c4ad933478ca8bb15567d61b95a&action_source=Deal+Details+-+Main+CTA)",$6.99,Posted Yesterday ,+5,"1,038 Views",0 Comments
"['[S&S] $7.64: Lavazza Opera Intenso Ground Coffee 12oz Bag, Dark Roast, Intensity 4/5'](https://slickdeals.net/click?trd=Get+Deal+at+Amazon&sdtid=20078946&tid=20078946&prop=diavail-true%7Cdincp-0%7Cdinpd-1%7Cdipgavail-true&pv=75fdf6dabf4411f184497678f6db10bb&au=081c4fcef7b64efe8757916ac3f58ba4&action_source=Deal+Details+-+Main+CTA)",$7.64,Posted 09-30-2026 ,+5,"1,338 Views",1 Comments
['$29.99 | Back to the Future: 40th Anniversary Trilogy (4K UHD + Blu-ray + Digital) at Amazon'](https://slickdeals.net/click?trd=Get+Deal+at+Amazon&sdtid=20091288&tid=20091288&prop=diavail-true%7Cdincp-0%7Cdinpd-9%7Cdipgavail-true&pv=76ca8dc6bf4411f1b878e217579d49e1&au=c07bb3162bc549aeb8183744d0ef580b&action_source=Deal+Details+-+Main+CTA),$29.99,Posted Yesterday ,+9,846 Views,1 Comments
"[""[NEW] $9.97 | VTech Gabby's Dollhouse A-Meow-Zing Phone at Amazon""](https://slickdeals.net/click?trd=Get+Deal+at+Amazon&sdtid=20092056&tid=20092056&prop=diavail-false%7Cdincp-0%7Cdinpd-0%7Cdipgavail-true&pv=778ee3f6bf4411f1a1516e28d038c26e&au=7aaa76ca7c004c6b84300178b3c53c72&action_source=Deal+Details+-+Main+CTA)",$9.97,Posted Today ,+11,"1,168 Views",2 Comments
"['[SnS, AC] $1.51 | 16-Oz De Cecco Pasta (Farfalle) at Amazon'](https://slickdeals.net/click?trd=Get+Deal+at+Amazon&sdtid=20091771&tid=20091771&prop=diavail-true%7Cdincp-0%7Cdinpd-4%7Cdipgavail-true&pv=788c9050bf4411f18eeeb6efcc694ae5&au=f10aeeaaf6be4e149c83152d072fec5c&action_source=Deal+Details+-+Main+CTA)",$1.51,Posted Today ,+22,"1,537 Views",0 Comments
['[Prime] $22.99 | 16-Oz Zojirushi Hello Kitty Stainless Vacuum Insulated Mug (Black) at Amazon'](https://slickdeals.net/click?trd=Get+Deal+at+Amazon&sdtid=20092119&tid=20092119&prop=diavail-false%7Cdincp-0%7Cdinpd-0%7Cdipgavail-true&pv=796aed82bf4411f186e7ae76506c83d4&au=9822be6d885d4cdf9f2a1dedec9d16a0&action_source=Deal+Details+-+Main+CTA),$22.99,Posted Today ,+17,"2,004 Views",1 Comments
"['[Prime, SnS] $18.99 | 2-Pack 18.5-Pound Fresh Step Advanced Clumping Cat Litter (Gain Scent) at Amazon'](https://slickdeals.net/click?trd=Get+Deal+at+Amazon&sdtid=20092065&tid=20092065&prop=diavail-true%7Cdincp-0%7Cdinpd-9%7Cdipgavail-true&pv=7a9b7f14bf4411f192346e28d038c26e&au=739e0f30361a46129fe16f4eb9aa954d&action_source=Deal+Details+-+Main+CTA)",$18.99,Posted Today ,+21,"1,177 Views",0 Comments
['Dewalt ATOMIC 20V MAX Lithium-Ion Cordless Die Grinder with Paddle Switch with 4.0 Ah and 5.0 Ah Batteries and Charger $229'](https://slickdeals.net/click?trd=Get+Deal+at+Home+Depot&sdtid=20090652&tid=20090652&prop=diavail-true%7Cdincp-0%7Cdinpd-3%7Cdipgavail-true&pv=7b7c84d2bf4411f198588ec5e0cc4ca3&au=98b8cf91ee094d5ea5dc6a1020111628&action_source=Deal+Details+-+Main+CTA),$229.00,Posted Yesterday ,+6,"1,814 Views",0 Comments
['[AC] $7.99* | 5-Port TP-Link LS1005G Litewave Gigabit Ethernet Switch at Amazon'](https://slickdeals.net/click?trd=Get+Deal+at+Amazon&sdtid=20091711&tid=20091711&prop=diavail-true%7Cdincp-1%7Cdinpd-18%7Cdipgavail-true&pv=7c3dec4ebf4411f1b4b78ec5e0cc4ca3&au=1622a00f43924039ab18a65d2dfd29da&action_source=Deal+Details+-+Main+CTA),$7.99,Posted Today ,+11,"1,286 Views",5 Comments
"['DC Comics Superheroes: Superman Pet Costume for For Dogs or Cats by Rubies, Small $11.23 (AC)'](https://slickdeals.net/click?trd=Get+Deal+at+Amazon&sdtid=20088600&tid=20088600&prop=diavail-false%7Cdincp-0%7Cdinpd-0%7Cdipgavail-false&pv=7d14eecebf4411f191431eecbc8fbdc8&au=9150d5bc7e4e427da528c16b9a958d32&action_source=Deal+Details+-+Main+CTA)",$11.23,Posted Yesterday ,+6,"1,057 Views",0 Comments
['KINGROON Mix color 10KG 1.75mm PETG Filament High Quality 3D Printing $64.4 + Free Shipping'](https://slickdeals.net/click?trd=Get+Deal+at+AliExpress&sdtid=20088444&tid=20088444&prop=diavail-false%7Cdincp-0%7Cdinpd-0%7Cdipgavail-false&pv=7e029f7abf4411f192346e28d038c26e&au=52495f04d48849f89f3d076cc2bb2865&action_source=Deal+Details+-+Main+CTA),$64.40,Posted Yesterday ,+4,"1,379 Views",3 Comments
"['[YMMV, AC] $89.86 | Citizen Quartz Mens Watch, Stainless Steel at Amazon'](https://slickdeals.net/click?trd=Get+Deal+at+Amazon&sdtid=20091573&tid=20091573&prop=diavail-true%7Cdincp-0%7Cdinpd-1%7Cdipgavail-true&pv=7ed0d034bf4411f1aa53e217579d49e1&au=2a1510e373f54cc8afcf4a4fee4af97e&action_source=Deal+Details+-+Main+CTA)",$89.86,Posted Yesterday ,+9,"1,212 Views",0 Comments
['$54.98* | Tapo HybridCam Duo 2K 3MP Dual Lens Pan/Tilt Security Camera at Amazon'](https://slickdeals.net/click?trd=Get+Deal+at+Amazon&sdtid=20091327&tid=20091327&prop=diavail-true%7Cdincp-0%7Cdinpd-9%7Cdipgavail-true&pv=7f9817a2bf4411f191431eecbc8fbdc8&au=3ad98e0efb834cad9a4462865154502c&action_source=Deal+Details+-+Main+CTA),$54.98,Posted Yesterday ,+7,"1,485 Views",0 Comments
['Men’s Short-Sleeve Quick Dry Performance Lightweight Pinstriped Collared Polo Shirts for Men (Various Colors) $10.97 AC'](https://slickdeals.net/click?trd=Get+Deal+at+Amazon&sdtid=20090859&tid=20090859&prop=diavail-false%7Cdincp-0%7Cdinpd-0%7Cdipgavail-false&pv=80872216bf4411f1adeec2864edf0641&au=2b25564d656040ddaee1558d43630939&action_source=Deal+Details+-+Main+CTA),$10.97,Posted Yesterday ,+4,"2,530 Views",0 Comments
"['$1699 Free Delivery GE 27 cu. ft. French Door Refrigerator in Fingerprint resistant, stainless with Internal Dispenser Home Depot'](https://slickdeals.net/click?trd=Get+Deal+at+Home+Depot&sdtid=20090199&tid=20090199&prop=diavail-true%7Cdincp-0%7Cdinpd-6%7Cdipgavail-true&pv=81730c26bf4411f18c8e6e166978802f&au=415b5ff93d7544c5aecf710d0e620441&action_source=Deal+Details+-+Main+CTA)","$1,699.00",Posted Yesterday ,+5,"1,997 Views",0 Comments
"['$1699 Free Delivery GE 27 cu. ft. French Door Refrigerator in Fingerprint resistant, stainless with Internal Dispenser Home Depot'](https://slickdeals.net/click?trd=Get+Deal+at+Home+Depot&sdtid=20090199&tid=20090199&prop=diavail-true%7Cdincp-0%7Cdinpd-6%7Cdipgavail-true&pv=829d6862bf4411f1b13a66cb283f7153&au=1f0be380172f4799b1319a3fd5180961&action_source=Deal+Details+-+Main+CTA)","$1,699.00",Posted Yesterday ,+5,"2,002 Views",0 Comments
"['Samsung 85-Inch Class QN80H Series, Neo QLED Mini LED, 4K, Smart TV, 2026 $2197.99'](https://slickdeals.net/click?trd=Get+Deal+at+Amazon&sdtid=20085954&tid=20085954&prop=diavail-true%7Cdincp-1%7Cdinpd-2%7Cdipgavail-true&pv=837dfa1cbf4411f1863a4ea7c451a6af&au=6a1c85460e6f44499d8347858aca7eeb&action_source=Deal+Details+-+Main+CTA)","$2,197.99",Posted 10-01-2026 ,+5,"1,434 Views",0 Comments
['Prime Members: 3-Piece Lovematch PU Leather Tote Bag (Various Colors) $15.29 + FS w/ Prime or on $35+'](https://slickdeals.net/click?trd=Get+Deal+at+Amazon&sdtid=20071809&tid=20071809&prop=diavail-false%7Cdincp-0%7Cdinpd-0%7Cdipgavail-true&pv=846f75a4bf4411f18f0de20fb9b83745&au=d0a6192ec23c4a8b88cd4c182acf57bc&action_source=Deal+Details+-+Main+CTA),$15.29,Posted 09-28-2026 ,+5,"1,867 Views",2 Comments
['[AC] $3.99* | 50oz. Softsoap Liquid Hand Soap Refill Bottle (Milk & Honey Scent) at Amazon'](https://slickdeals.net/click?trd=Get+Deal+at+Amazon&sdtid=20091735&tid=20091735&prop=diavail-true%7Cdincp-0%7Cdinpd-20%7Cdipgavail-true&pv=8553132cbf4411f1bfdd6a843b84aced&au=bbbf1327cf40404abe9ef1fae8a0ea27&action_source=Deal+Details+-+Main+CTA),$3.99,Posted Today ,+13,"1,147 Views",0 Comments
['$7.50* | Home Alone 1-2 (DVD + Digital HD) at Amazon'](https://slickdeals.net/click?trd=Get+Deal+at+Amazon&sdtid=20092050&tid=20092050&prop=diavail-true%7Cdincp-0%7Cdinpd-1%7Cdipgavail-true&pv=863f507abf4411f1963e1a23953e79c2&au=8714abaea6e6463fadc2ef06588b8287&action_source=Deal+Details+-+Main+CTA),$7.50,Posted Today ,+24,863 Views,0 Comments
['Best Plumber - free on IndieGala'](https://slickdeals.net/click?trd=Get+Deal+at+IndieGala&sdtid=20068923&tid=20068923&prop=diavail-false%7Cdincp-0%7Cdinpd-0%7Cdipgavail-false&pv=873ed43cbf4411f1ad422e250902543e&au=a836b0e4178045b28f013fd8e3389d21&action_source=Deal+Details+-+Main+CTA),FREE,Posted 09-28-2026 ,+10,609 Views,0 Comments
"['$18.61 S&S PRIME ONLY Multibuy 96 ct Amazon Brand -  French Roast Dark Coffee Pods  4 x, 24 Count'](https://slickdeals.net/click?trd=Get+Deal+at+Amazon&sdtid=20074047&tid=20074047&prop=diavail-true%7Cdincp-0%7Cdinpd-3%7Cdipgavail-true&pv=88187a3ebf4411f18d318635c2d9b61b&au=e419a0ce7f85473195770b6d3bdf197b&action_source=Deal+Details+-+Main+CTA)",,Posted 09-29-2026 ,+5,"1,258 Views",0 Comments
['Fanttik S1 Pro 220 RPM Electric Screwdriver w/ 16-Piece S2 Bit Set & Magnetic Case $34.99 + Free Shipping w/ Prime or on $35+'](https://slickdeals.net/click?trd=Get+Deal+at+Amazon&sdtid=20090973&tid=20090973&prop=diavail-true%7Cdincp-0%7Cdinpd-8%7Cdipgavail-true&pv=88e8770cbf4411f1897a1ea3179f6632&au=56222f9db7f846bb97dbc8a2eb733ec1&action_source=Deal+Details+-+Main+CTA),$34.99,Posted Yesterday ,+7,"1,440 Views",2 Comments
['$8.98* | $10 Nintendo eShop Gift Card (Digital Code) at Amazon'](https://slickdeals.net/click?trd=Get+Deal+at+Amazon&sdtid=20091930&tid=20091930&prop=diavail-false%7Cdincp-0%7Cdinpd-0%7Cdipgavail-true&pv=89b97d8ebf4411f18490e217579d49e1&au=ef73884192964a639bff18fa0aeb0605&action_source=Deal+Details+-+Main+CTA),$8.98,Posted Today ,+36,"1,415 Views",3 Comments
"['[Prime, SnS] $0.58 | 1.25-Oz Amazon Grocery Chili Seasoning Mix at Amazon'](https://slickdeals.net/click?trd=Get+Deal+at+Amazon&sdtid=20091543&tid=20091543&prop=diavail-true%7Cdincp-0%7Cdinpd-3%7Cdipgavail-true&pv=8ab4c2fcbf4411f19fe8566ee087412a&au=0ab3a459b39b4180af9a25eae25271e9&action_source=Deal+Details+-+Main+CTA)",$0.58,Posted Yesterday ,+7,825 Views,1 Comments
['adidas men DAYREADY TRACKTOP from $17 + Free Shipping'](https://slickdeals.net/click?trd=Get+Deal+at+eBay&sdtid=20091933&tid=20091933&prop=diavail-false%7Cdincp-0%7Cdinpd-0%7Cdipgavail-true&pv=8b91fc58bf4411f1ac9a566ee087412a&au=00a66c6d35974fb89f7b90f045d4dce3&action_source=Deal+Details+-+Main+CTA),$17.00,Posted Today ,+17,"1,630 Views",0 Comments
"[""The North Face Men's DotKnit Thermal Quarter-Zip $58.99""](https://slickdeals.net/click?trd=Get+Deal+at+REI&sdtid=20089716&tid=20089716&prop=diavail-false%7Cdincp-0%7Cdinpd-0%7Cdipgavail-false&pv=8c9ced74bf4411f192346e28d038c26e&au=4dcc9554ded84e03b64803f9f3051deb&action_source=Deal+Details+-+Main+CTA)",$58.99,Posted Yesterday ,+6,"1,504 Views",0 Comments
"['[Prime] $12.76* | The Calvin and Hobbes Portable Compendium Set 4 (Vol 4, Paperback) at Amazon'](https://slickdeals.net/click?trd=Get+Deal+at+Amazon&sdtid=20091333&tid=20091333&prop=diavail-true%7Cdincp-0%7Cdinpd-1%7Cdipgavail-true&pv=8d86c2a0bf4411f184c72e7f71484f8c&au=4c4b49467e8a4c1aa275e9bd22a996a4&action_source=Deal+Details+-+Main+CTA)",$12.76,Posted Yesterday ,+7,643 Views,0 Comments
"[""[SnS] $3.56 | BARNUM'S Original Animal Crackers, Kids Snacks, 10 Snack Packs at Amazon""](https://slickdeals.net/click?trd=Get+Deal+at+Amazon&sdtid=20091762&tid=20091762&prop=diavail-false%7Cdincp-0%7Cdinpd-0%7Cdipgavail-true&pv=8e690e9ebf4411f19aa5c2864edf0641&au=addbac49576f4b56b5c20ddab781d667&action_source=Deal+Details+-+Main+CTA)",$3.56,Posted Today ,+22,"1,311 Views",2 Comments
"['[SnS, AC] $11.11* | 3 × 30-Oz Dawn Platinum Dish Soap (Fresh Rain) ($3.70 each) at Amazon'](https://slickdeals.net/click?trd=Get+Deal+at+Amazon&sdtid=20091741&tid=20091741&prop=diavail-true%7Cdincp-1%7Cdinpd-4%7Cdipgavail-true&pv=8f32757cbf4411f1814c6e166978802f&au=1b67b86f8ace4e959ed80183fe949813&action_source=Deal+Details+-+Main+CTA)",$11.11,Posted Today ,+31,939 Views,0 Comments
['[Prime] $45.59* | Corelle Vitrelle 18-Pc Service for 6 Dinnerware Set at Amazon'](https://slickdeals.net/click?trd=Get+Deal+at+Amazon&sdtid=20091459&tid=20091459&prop=diavail-false%7Cdincp-0%7Cdinpd-0%7Cdipgavail-true&pv=8fff83fabf4411f1bedfda1ed3f17f22&au=9cbf88ab48aa40f2ba1c85c98c33f3be&action_source=Deal+Details+-+Main+CTA),$45.59,Posted Yesterday ,+13,"2,089 Views",2 Comments
"['[Resale] $30.47 | SentrySafe Fireproof Safe Box with Key Lock, 6.3 x 15.3 x 12.1 Inches (Used - Like New) at Amazon'](https://slickdeals.net/click?trd=Get+Deal+at+Amazon&sdtid=20091792&tid=20091792&prop=diavail-true%7Cdincp-0%7Cdinpd-1%7Cdipgavail-true&pv=910dca22bf4411f192346e28d038c26e&au=abea970ff0c14e34b57480f40beb0f0c&action_source=Deal+Details+-+Main+CTA)",$30.47,Posted Today ,+6,"1,473 Views",0 Comments
"[""Select Accounts: 2ct Jack Link's Beef Jerky Tender Bites, Teriyaki, ½ Pounder | 10g of Protein | 70 Calories | Premium Beef | No Added MSG - 16 oz - [S&S] $12.92""](https://slickdeals.net/click?trd=Get+Deal+at+Amazon&sdtid=20084046&tid=20084046&prop=diavail-false%7Cdincp-0%7Cdinpd-0%7Cdipgavail-false&pv=91e9c310bf4411f1a724d27b60ab1283&au=7af414273d3a4232accf618f08584d57&action_source=Deal+Details+-+Main+CTA)",$12.92,Posted 10-01-2026 ,+5,"2,962 Views",7 Comments
['[Prime] $18.04* | Belkin Power Strip Surge Protector w/ 6 Rotating AC Outlets at Amazon'](https://slickdeals.net/click?trd=Get+Deal+at+Amazon&sdtid=20091492&tid=20091492&prop=diavail-true%7Cdincp-0%7Cdinpd-5%7Cdipgavail-true&pv=92c1370abf4411f1b6d7be00fabfcffb&au=0a14e7d100264d8b9114c23d063e4dbb&action_source=Deal+Details+-+Main+CTA),$18.04,Posted Yesterday ,+11,"1,626 Views",4 Comments
"['(2 Pack) Gaiatop Magnetic Hand Warmers Rechargeable, Pocket Penguin $9.89'](https://slickdeals.net/click?trd=Get+Deal+at+Amazon&sdtid=20091135&tid=20091135&prop=diavail-false%7Cdincp-0%7Cdinpd-0%7Cdipgavail-false&pv=93c0b036bf4411f1bad696d2bdd4c03a&au=d36cf5156d0c45d2a93a73e68f5ae8f6&action_source=Deal+Details+-+Main+CTA)",$9.89,Posted Yesterday ,+4,"1,361 Views",0 Comments
['[Prime] $27.53* | The Silmarillion: Illustrated by J.R.R. Tolkien (Hardcover Book) at Amazon'](https://slickdeals.net/click?trd=Get+Deal+at+Amazon&sdtid=20091468&tid=20091468&prop=diavail-true%7Cdincp-0%7Cdinpd-4%7Cdipgavail-true&pv=94e21eaabf4411f184f92e250902543e&au=07a743b0f6c4491393207f6f1252c5ab&action_source=Deal+Details+-+Main+CTA),$27.53,Posted Yesterday ,+12,929 Views,0 Comments
"['$83.92 | DEWALT Orbital Sander Kit, 5-Inch, Variable Speed (DWE6423K) at Amazon'](https://slickdeals.net/click?trd=Get+Deal+at+Amazon&sdtid=20069004&tid=20069004&prop=diavail-false%7Cdincp-0%7Cdinpd-0%7Cdipgavail-true&pv=95d005d4bf4411f196b67e0f149b2bca&au=17e074532d3947e08a6a9bd08eb1beff&action_source=Deal+Details+-+Main+CTA)",$83.92,Posted 09-28-2026 ,+5,"1,414 Views",1 Comments
['$94.95 | Brooks Women’s Ghost Max 3 Running Shoe at Amazon'](https://slickdeals.net/click?trd=Get+Deal+at+Amazon&sdtid=20091813&tid=20091813&prop=diavail-false%7Cdincp-0%7Cdinpd-0%7Cdipgavail-false&pv=968a624ebf4411f1a0258635c2d9b61b&au=e3e6ec362fff4d9ba27615a2f8904f51&action_source=Deal+Details+-+Main+CTA),$94.95,Posted Today ,+11,"2,605 Views",3 Comments
"[""men's adizero evo sl shoes (Color: cloud white / royal blue / pure ruby) (Size: 13) $76.48""](https://slickdeals.net/click?trd=Get+Deal+at+ShopSimon&sdtid=20080851&tid=20080851&prop=diavail-false%7Cdincp-0%7Cdinpd-0%7Cdipgavail-false&pv=9771d44ebf4411f18223da1ed3f17f22&au=ca07a8b2c88a4427b93e72a3b17230e0&action_source=Deal+Details+-+Main+CTA)",$76.48,Posted 09-30-2026 ,+6,"2,995 Views",3 Comments
['$38.97* | 50.5mm Casio Men’s MWA100H Series Stainless Steel Analog Watch (Silver) at Amazon'](https://slickdeals.net/click?trd=Get+Deal+at+Amazon&sdtid=20091594&tid=20091594&prop=diavail-true%7Cdincp-0%7Cdinpd-8%7Cdipgavail-true&pv=9846bfd8bf4411f1b63946441ae14cb2&au=f68b8b1b26a84b07b592ea2884292123&action_source=Deal+Details+-+Main+CTA),$38.97,Posted Yesterday ,+9,"2,206 Views",1 Comments
['$8.49* | 122-pc LEGO City Yellow Taxi Building Kit (60487) at Amazon'](https://slickdeals.net/click?trd=Get+Deal+at+Amazon&sdtid=20091312&tid=20091312&prop=diavail-true%7Cdincp-2%7Cdinpd-12%7Cdipgavail-true&pv=9922cecebf4411f1b6dfb29c7ef057fd&au=e86b188f79b74c6e80ebdad3f2bf9719&action_source=Deal+Details+-+Main+CTA),$8.49,Posted Yesterday ,+10,"1,242 Views",1 Comments
"['$1.99 | The Book of Mythical Beasts and Magical Creatures (Mysteries, Magic and Myth) (eBook) by DK, Stephen Krensky'](https://slickdeals.net/click?trd=Get+Deal+at+Amazon&sdtid=20091744&tid=20091744&prop=diavail-false%7Cdincp-0%7Cdinpd-0%7Cdipgavail-false&pv=99fb1324bf4411f1a1516e28d038c26e&au=613e02cb24194f2cabd598a6ef00ce65&action_source=Deal+Details+-+Main+CTA)",$1.99,Posted Today ,+19,"1,629 Views",0 Comments
['The Walking Dead: The Complete Series (Bundle)'](https://slickdeals.net/click?trd=Get+Deal+at+Fandango.com&sdtid=20091864&tid=20091864&prop=diavail-false%7Cdincp-0%7Cdinpd-0%7Cdipgavail-false&pv=9acc75d6bf4411f19c92566ee087412a&au=e6295ce543d7496caca68d4a146d498d&action_source=Deal+Details+-+Main+CTA),$12.99,Posted Today ,+19,"1,451 Views",6 Comments
"['Ninja Professional Blender 2.0, 1200W, Auto-iQ, 72oz Pitcher, BR201AMZ $79.99'](https://slickdeals.net/click?trd=Get+Deal+at+Amazon&sdtid=20089485&tid=20089485&prop=diavail-true%7Cdincp-0%7Cdinpd-3%7Cdipgavail-true&pv=9bc6ccb6bf4411f1bc8d061906b54d59&au=72f875b76d5846b0b1d71f20d8528675&action_source=Deal+Details+-+Main+CTA)",$79.99,Posted Yesterday ,+7,"1,759 Views",2 Comments
['$1.99 | What If? 2: Additional Serious Scientific Answers to Absurd Hypothetical Questions (eBook) by Randall Munroe'](https://slickdeals.net/click?trd=Get+Deal+at+Amazon&sdtid=20091321&tid=20091321&prop=diavail-true%7Cdincp-0%7Cdinpd-1%7Cdipgavail-true&pv=9cb49c7abf4411f1a4eeb29c7ef057fd&au=a249da1b99374925bc5a7f4bb21db759&action_source=Deal+Details+-+Main+CTA),$1.99,Posted Yesterday ,+10,981 Views,2 Comments
"['$29.99 | SLEEPLUX Air Mattress - Built-in Pump, Pillow & USB Charger, Queen at Woot!'](https://slickdeals.net/click?trd=Get+Deal+at+Woot%21&sdtid=20091387&tid=20091387&prop=diavail-false%7Cdincp-0%7Cdinpd-0%7Cdipgavail-false&pv=9d94dfecbf4411f19bfb96d2bdd4c03a&au=e4f946e24ec544a6b11deea3ce966ae2&action_source=Deal+Details+-+Main+CTA)",$29.99,Posted Yesterday ,+11,"1,489 Views",0 Comments
['Zero Dark Thirty - Blu-ray + DVD $5 Amazon.com'](https://slickdeals.net/click?trd=Get+Deal+at+Amazon&sdtid=20090739&tid=20090739&prop=diavail-false%7Cdincp-0%7Cdinpd-0%7Cdipgavail-true&pv=9e689774bf4411f1b878e217579d49e1&au=6bacbe031652405ea6d5b1599e665594&action_source=Deal+Details+-+Main+CTA),$5.00,Posted Yesterday ,+7,"1,151 Views",0 Comments
['[Prime] $26.59 | Pfaltzgraff Mirage Frost 42-Piece 18/0 Flatware Set & Caddy at Amazon'](https://slickdeals.net/click?trd=Get+Deal+at+Amazon&sdtid=20091300&tid=20091300&prop=diavail-true%7Cdincp-0%7Cdinpd-2%7Cdipgavail-true&pv=9f58e7cebf4411f1b7567ae7b8e45113&au=c6eb901185cc407792d43d1245111b8c&action_source=Deal+Details+-+Main+CTA),$26.59,Posted Yesterday ,+11,"1,507 Views",2 Comments
"[""Wrangler Men's Slim Fit Long Sleeve Woven Twill Denim Shirt (Ecru Denim, Sizes: S-3XL) $12.83 + Free Shipping w/ Walmart+ or on $35+""](https://slickdeals.net/click?trd=Get+Deal+at+Walmart&sdtid=20088519&tid=20088519&prop=diavail-true%7Cdincp-1%7Cdinpd-0%7Cdipgavail-false&pv=a041e00abf4411f1bd7f566ee087412a&au=58fb191a91764c859566a0a523505b8f&action_source=Deal+Details+-+Main+CTA)",$12.83,Posted Yesterday ,+5,"2,607 Views",1 Comments
"['$60 | Wüsthof Urban Farmer 8"" Chef\'s Knife, Brown at Amazon'](https://slickdeals.net/click?trd=Get+Deal+at+Amazon&sdtid=20087994&tid=20087994&prop=diavail-false%7Cdincp-0%7Cdinpd-0%7Cdipgavail-false&pv=a139ee30bf4411f192b98624d4594cd5&au=c73004bcafaf45be848c4a224f2bf676&action_source=Deal+Details+-+Main+CTA)",$60.00,Posted Yesterday ,+7,"1,987 Views",5 Comments
"['[Prime, SnS] $4.02 | 16-Oz 365 by Whole Foods Market Organic Canola Cooking Oil at Amazon'](https://slickdeals.net/click?trd=Get+Deal+at+Amazon&sdtid=20091570&tid=20091570&prop=diavail-false%7Cdincp-0%7Cdinpd-0%7Cdipgavail-false&pv=a2660af0bf4411f190f5423043830975&au=c9c66884e0124530943ad476f8173211&action_source=Deal+Details+-+Main+CTA)",$4.02,Posted Yesterday ,+7,824 Views,1 Comments
"[""Amazon – Walifrey Women's Fleece-Lined Leggings 2-Pack - $7.79–$10.19 w/ Code""](https://slickdeals.net/click?trd=Get+Deal+at+Amazon&sdtid=20069829&tid=20069829&prop=diavail-true%7Cdincp-0%7Cdinpd-1%7Cdipgavail-true&pv=a3925190bf4411f1b5698624d4594cd5&au=2a874e4f61df4c6bbbdc2480cbafdd22&action_source=Deal+Details+-+Main+CTA)",$10.19,Posted 09-28-2026 ,+5,"1,445 Views",0 Comments
"[""Baldur's Gate 3(PC - GOG Digital Download) $41.99""](https://slickdeals.net/click?trd=Get+Deal+at+gog&sdtid=20077953&tid=20077953&prop=diavail-false%7Cdincp-0%7Cdinpd-0%7Cdipgavail-false&pv=a495baf0bf4411f1b0ba2e250902543e&au=6de03f6343c448c1805b0d74cfa7a5a0&action_source=Deal+Details+-+Main+CTA)",$41.99,Posted 09-30-2026 ,+7,"1,509 Views",3 Comments
['Extra $10 off on Odds and Ends Tools & Garden Deals (Spend $50+) at Woot!'](https://slickdeals.net/click?trd=Get+Deal+at+Woot%21&sdtid=20091345&tid=20091345&prop=diavail-false%7Cdincp-0%7Cdinpd-0%7Cdipgavail-false&pv=a59e421ebf4411f18638ae76506c83d4&au=e975605eb50c4ac1bb7e0a6cf4897544&action_source=Deal+Details+-+Main+CTA),,Posted Yesterday ,+10,"2,087 Views",1 Comments
['Kate Spade Wristlets $25'](https://slickdeals.net/click?trd=Get+Deal+at+Kate+Spade&sdtid=20089311&tid=20089311&prop=diavail-false%7Cdincp-0%7Cdinpd-0%7Cdipgavail-false&pv=a69f070cbf4411f1bdd366b63264b922&au=7b68ef7068484eda97fc3572e76b2dbf&action_source=Deal+Details+-+Main+CTA),$25.00,Posted Yesterday ,+7,"1,673 Views",2 Comments
"['[Prime, SnS] $1.76 | 32-Oz 365 by Whole Foods Market Organic Chocolate Unsweetened Almond Milk at Amazon'](https://slickdeals.net/click?trd=Get+Deal+at+Amazon&sdtid=20091618&tid=20091618&prop=diavail-false%7Cdincp-0%7Cdinpd-0%7Cdipgavail-true&pv=a773610abf4411f1a4f1e20fb9b83745&au=d6f378918fd44f3e866401c758a8a1a9&action_source=Deal+Details+-+Main+CTA)",$1.76,Posted Yesterday ,+19,"1,455 Views",2 Comments
['[Resale] $70.84* | HyperX Cloud Alpha Wireless Gaming Headset w/ 300-Hour Battery & Noise-Canceling Mic (Red) (Used - Like New) at Amazon'](https://slickdeals.net/click?trd=Get+Deal+at+Amazon&sdtid=20091786&tid=20091786&prop=diavail-true%7Cdincp-0%7Cdinpd-9%7Cdipgavail-true&pv=a841c41ebf4411f1a9c3da1ed3f17f22&au=654ea59c97974ea1b0b6de1706a6a6b4&action_source=Deal+Details+-+Main+CTA),$70.84,Posted Today ,+16,"2,093 Views",6 Comments
['adidas men Tiro 26 Competition All Weather Jacket from $32 + Free Shipping'](https://slickdeals.net/click?trd=Get+Deal+at+eBay&sdtid=20087913&tid=20087913&prop=diavail-true%7Cdincp-0%7Cdinpd-1%7Cdipgavail-true&pv=a96586d2bf4411f1b4636e28d038c26e&au=d9a2c1358fc94bd39ea49c922f87f841&action_source=Deal+Details+-+Main+CTA),$32.00,Posted Yesterday ,+5,"1,528 Views",0 Comments
['[SnS] $9.48* | 12-Pack 16-Oz Snapple Zero Sugar Peach Tea at Amazon'](https://slickdeals.net/click?trd=Get+Deal+at+Amazon&sdtid=20091297&tid=20091297&prop=diavail-false%7Cdincp-0%7Cdinpd-0%7Cdipgavail-true&pv=aa4ba4bebf4411f19e1ce217579d49e1&au=740c979ec8d14a5a99f52f471d8ec9e9&action_source=Deal+Details+-+Main+CTA),$9.48,Posted Yesterday ,+11,"1,487 Views",3 Comments
"['[SnS, AC] $10.61* | 6-Pk 3.5-Oz Nongshim Instant Ramen Noodle Cups (Shin Black Beef) at Amazon ($1.77 each)'](https://slickdeals.net/click?trd=Get+Deal+at+Amazon&sdtid=20082219&tid=20082219&prop=diavail-true%7Cdincp-0%7Cdinpd-15%7Cdipgavail-true&pv=ab74979cbf4411f1b3e86e166978802f&au=9fe8088238854eab950d4c7b1a280cfe&action_source=Deal+Details+-+Main+CTA)",$10.61,Posted 10-01-2026 ,+5,"1,386 Views",3 Comments
['LEGO Speed Champions The Fast and The Furious Toyota Supra MK4 77260 - $27.98 + $4.25 Walmart Cash'](https://slickdeals.net/click?trd=Get+Deal+at+Walmart&sdtid=20085081&tid=20085081&prop=diavail-true%7Cdincp-2%7Cdinpd-0%7Cdipgavail-true&pv=ac81ab5cbf4411f1a376ae76506c83d4&au=ade16021b99c4eba91701bbdbfb9b86f&action_source=Deal+Details+-+Main+CTA),$27.98,Posted 10-01-2026 ,+10,"2,269 Views",2 Comments
['Fender Player II Stratocaster Electric Guitar $649.99'](https://slickdeals.net/click?trd=Get+Deal+at+Retailer&sdtid=20090991&tid=20090991&prop=diavail-false%7Cdincp-0%7Cdinpd-0%7Cdipgavail-false&pv=ad52683cbf4411f1adeec2864edf0641&au=4b457f6c80534b769d3f9895902b3562&action_source=Deal+Details+-+Main+CTA),$649.99,Posted Yesterday ,+10,"1,600 Views",3 Comments
"[""27-Gal Plano Sportsman's Trunk Lockable Storage Box (OD Green) $32.87 + Free Shipping w/ Walmart+ or $35+""](https://slickdeals.net/click?trd=Get+Deal+at+Walmart&sdtid=20090850&tid=20090850&prop=diavail-false%7Cdincp-0%7Cdinpd-0%7Cdipgavail-true&pv=ae5bfcdebf4411f196faae76506c83d4&au=e3666caf29d84f55a35762fd2b8aff38&action_source=Deal+Details+-+Main+CTA)",$32.87,Posted Yesterday ,+6,"1,657 Views",0 Comments
"[""Hardaddy Men's Stripe Short Sleeve Casual Polo Shirts - $8.49 after coupon""](https://slickdeals.net/click?trd=Get+Deal+at+Amazon&sdtid=20089242&tid=20089242&prop=diavail-false%7Cdincp-0%7Cdinpd-0%7Cdipgavail-false&pv=af474b30bf4411f19c476e28d038c26e&au=4e3ea52fae9d4633953d25de69442b84&action_source=Deal+Details+-+Main+CTA)",$8.49,Posted Yesterday ,+9,"2,333 Views",0 Comments
"[""Kobalt Ultimate Output 24 -Volt 4ah battery, pickup only, $35, Lowe's""](https://slickdeals.net/click?trd=Get+Deal+at+Lowe%27s&sdtid=20090508&tid=20090508&prop=diavail-true%7Cdincp-0%7Cdinpd-3%7Cdipgavail-true&pv=b01dd15abf4411f1a94d423043830975&au=f5c97cb209124c78a4bfadada98f0785&action_source=Deal+Details+-+Main+CTA)",$35.00,Posted Yesterday ,+5,"1,744 Views",2 Comments
"[""Hardaddy Men's Stripe Short Sleeve Casual Polo Shirts - $8.49 after coupon""](https://slickdeals.net/click?trd=Get+Deal+at+Amazon&sdtid=20089242&tid=20089242&prop=diavail-false%7Cdincp-0%7Cdinpd-0%7Cdipgavail-false&pv=b17c7c36bf4411f18a24423043830975&au=478da7e2a3b24f209853985ec17a86d4&action_source=Deal+Details+-+Main+CTA)",$8.49,Posted Yesterday ,+9,"2,333 Views",0 Comments
"[""Kobalt Ultimate Output 24 -Volt 4ah battery, pickup only, $35, Lowe's""](https://slickdeals.net/click?trd=Get+Deal+at+Lowe%27s&sdtid=20090508&tid=20090508&prop=diavail-true%7Cdincp-0%7Cdinpd-3%7Cdipgavail-true&pv=b2413080bf4411f1905e8ac793669e7a&au=4c04049e5d78494f86cbc066849738c6&action_source=Deal+Details+-+Main+CTA)",$35.00,Posted Yesterday ,+5,"1,744 Views",2 Comments
['[AC] $22.49* | 40-Oz Owala FreeSip Insulated Stainless Steel Water Bottle (Shy Marshmallow) at Amazon'](https://slickdeals.net/click?trd=Get+Deal+at+Amazon&sdtid=20091429&tid=20091429&prop=diavail-true%7Cdincp-1%7Cdinpd-3%7Cdipgavail-true&pv=b315d1c8bf4411f1a686e217579d49e1&au=db58212660ad4a1ca30abede07a2c4f0&action_source=Deal+Details+-+Main+CTA),$22.49,Posted Yesterday ,+23,"3,953 Views",7 Comments
['$19.99 | Pokémon Advanced: The Complete Collection (DVD) at Amazon'](https://slickdeals.net/click?trd=Get+Deal+at+Amazon&sdtid=20085291&tid=20085291&prop=diavail-true%7Cdincp-0%7Cdinpd-1%7Cdipgavail-true&pv=b442ba2abf4411f192346e28d038c26e&au=092441a2b6c140f1a5e13e6467c2cc3b&action_source=Deal+Details+-+Main+CTA),$19.99,Posted 10-01-2026 ,+7,"1,199 Views",0 Comments
"['$18.99: Sonic The Hedgehog New_8967 Great Eastern GE-8967 - Shadow Plush, 12"" Multicolor'](https://slickdeals.net/click?trd=Get+Deal+at+Amazon&sdtid=20090925&tid=20090925&prop=diavail-false%7Cdincp-0%7Cdinpd-0%7Cdipgavail-true&pv=b562c896bf4411f19a4c061906b54d59&au=30712f80adb5482b81ae0cfccc8a34cd&action_source=Deal+Details+-+Main+CTA)",$18.99,Posted Yesterday ,+11,"1,516 Views",0 Comments
['Amazon – arboleaf 8-Electrode Smart Body Composition Scale - $47.59 w/ Code'](https://slickdeals.net/click?trd=Get+Deal+at+Amazon&sdtid=20079066&tid=20079066&prop=diavail-false%7Cdincp-0%7Cdinpd-0%7Cdipgavail-false&pv=b63aa2fcbf4411f1a43cda1ed3f17f22&au=52e17ef87b384bca934fcafe5cea9cd2&action_source=Deal+Details+-+Main+CTA),$47.59,Posted 09-30-2026 ,+5,"1,933 Views",4 Comments
['Fanttik C8 Nano Cordless Electric Scissors & Cardboard Cutter w/ EasySwap $38.99 + Free Shipping'](https://slickdeals.net/click?trd=Get+Deal+at+Amazon&sdtid=20091018&tid=20091018&prop=diavail-true%7Cdincp-0%7Cdinpd-7%7Cdipgavail-true&pv=b738e2febf4411f1a532be00fabfcffb&au=360cf265a1dd4635b9b9029c60771adf&action_source=Deal+Details+-+Main+CTA),$38.99,Posted Yesterday ,+9,"1,469 Views",0 Comments
['Fanttik G9 Handy Cordless Electric Spin Scrubber w/ 5 Brush Heads & LED Display $35.99 + Free Shipping'](https://slickdeals.net/click?trd=Get+Deal+at+Amazon&sdtid=20091006&tid=20091006&prop=diavail-true%7Cdincp-0%7Cdinpd-3%7Cdipgavail-true&pv=b84cb012bf4411f1a76a7e0f149b2bca&au=5684c9e3eb4647e698edc1a4c92931fd&action_source=Deal+Details+-+Main+CTA),$35.99,Posted Yesterday ,+9,"1,901 Views",0 Comments
['Fanttik T1 Max Cordless Soldering Iron Kit w/ C210 Tips & Aluminum Stand $49.99 + Free Shipping'](https://slickdeals.net/click?trd=Get+Deal+at+Amazon&sdtid=20091072&tid=20091072&prop=diavail-true%7Cdincp-0%7Cdinpd-8%7Cdipgavail-true&pv=b939124abf4411f19a4c061906b54d59&au=6c3a4f6fa10447a3b1cf6d968d659124&action_source=Deal+Details+-+Main+CTA),$49.99,Posted Yesterday ,+10,"2,106 Views",2 Comments
['[NEW] $11.89 | HIM: Tears on Tape (Vinyl) at Amazon'](https://slickdeals.net/click?trd=Get+Deal+at+Amazon&sdtid=20088000&tid=20088000&prop=diavail-false%7Cdincp-0%7Cdinpd-0%7Cdipgavail-true&pv=b9f4c152bf4411f1bedfda1ed3f17f22&au=1e4b4722f3d94118a2ab04dcb01c2662&action_source=Deal+Details+-+Main+CTA),$11.89,Posted Yesterday ,+7,"1,346 Views",2 Comments
"['[SnS, AC] $14.85 | 12-Pack 1.3-Oz Epic Venison Keto Friendly Bars (Sea Salt & Pepper) at Amazon'](https://slickdeals.net/click?trd=Get+Deal+at+Amazon&sdtid=20077881&tid=20077881&prop=diavail-true%7Cdincp-0%7Cdinpd-5%7Cdipgavail-true&pv=bafcfa42bf4411f1bf3df6ddb32e587c&au=713d6fc085564988b5cb01aa84d13fcb&action_source=Deal+Details+-+Main+CTA)",$14.85,Posted 09-30-2026 ,+5,"2,303 Views",4 Comments
['Aldi has real large Pumpkins in store $3.95'](https://slickdeals.net/click?trd=Get+Deal+at+Aldi&sdtid=20091186&tid=20091186&prop=diavail-false%7Cdincp-0%7Cdinpd-0%7Cdipgavail-false&pv=bbeb8faebf4411f19ea1f6ddb32e587c&au=b3e26afa5b464d579e526a50020ffeae&action_source=Deal+Details+-+Main+CTA),$3.95,Posted Yesterday ,+23,"1,479 Views",2 Comments
"['$297.99* | Hisense 55"" Class E6SR Series Hi-QLED 4K UHD Smart Roku TV (55E6SR, 2026 Model) at Amazon'](https://slickdeals.net/click?trd=Get+Deal+at+Amazon&sdtid=20071299&tid=20071299&prop=diavail-true%7Cdincp-0%7Cdinpd-3%7Cdipgavail-true&pv=bcf4832ebf4411f190f5423043830975&au=6b4184ed72dc45d2a411697a2fef0655&action_source=Deal+Details+-+Main+CTA)",$297.99,Posted 09-28-2026 ,+5,"1,928 Views",2 Comments
['Round Trip Seattle to Jakarta Indonesia $709 Airfares on Korean Air BE with 1 Free Checked Bag (Travel November - April 2027)'](https://slickdeals.net/click?trd=Get+Deal+at+Expedia&sdtid=20075070&tid=20075070&prop=diavail-false%7Cdincp-0%7Cdinpd-0%7Cdipgavail-false&pv=bdceea96bf4411f1905e8ac793669e7a&au=90e82414dd3c4af7a7ef863964e07085&action_source=Deal+Details+-+Main+CTA),$709.00,Posted 09-29-2026 ,+9,"1,248 Views",1 Comments
['$358.06* | 3-Tool DEWALT 20V MAX Combo Kit w/ 2x Batteries & Charger at Amazon'](https://slickdeals.net/click?trd=Get+Deal+at+Amazon&sdtid=20090559&tid=20090559&prop=diavail-true%7Cdincp-0%7Cdinpd-8%7Cdipgavail-true&pv=be9cc45cbf4411f1b6e81eecbc8fbdc8&au=682281a929054638ab4edab717f80f87&action_source=Deal+Details+-+Main+CTA),$358.06,Posted Yesterday ,+5,"1,789 Views",0 Comments
['KINGROON 10KG PLA Filament 1.75mm 10 Rolls Black $61 + Free Shipping $60.7'](https://slickdeals.net/click?trd=Get+Deal+at+AliExpress&sdtid=20088366&tid=20088366&prop=diavail-false%7Cdincp-0%7Cdinpd-0%7Cdipgavail-false&pv=bf70b44cbf4411f1bbd19aa46777dfb6&au=9e64236063fe430a8d749e09a0f0b3ca&action_source=Deal+Details+-+Main+CTA),$60.70,Posted Yesterday ,+10,"1,332 Views",1 Comments
['[Prime] Fanttik F2 Master Kit Mini Cordless Rotary Tool & Precision Engraving Pen w/ 28 Accessories $38.99 + Free Shipping'](https://slickdeals.net/click?trd=Get+Deal+at+Amazon&sdtid=20091081&tid=20091081&prop=diavail-true%7Cdincp-0%7Cdinpd-2%7Cdipgavail-true&pv=c0723ea6bf4411f1affa16194fbe0b20&au=80201fc9eebf4a8d87e901310d859e36&action_source=Deal+Details+-+Main+CTA),$38.99,Posted Yesterday ,+8,"1,668 Views",0 Comments
"['(2 Pack) 0.6"" Gaiatop Ultra-Slim Electric Hand Warmers, Rechargeable $8.99'](https://slickdeals.net/click?trd=Get+Deal+at+Amazon&sdtid=20080995&tid=20080995&prop=diavail-false%7Cdincp-0%7Cdinpd-0%7Cdipgavail-false&pv=c18f35fabf4411f19298566ee087412a&au=4b240aa8943c47fe8619a4b7b2b00e7d&action_source=Deal+Details+-+Main+CTA)",$8.99,Posted 09-30-2026 ,+5,"1,976 Views",0 Comments
"['$61.70: Hamilton Beach 2-Way Programmable 12 Cup and Single-Serve Coffee Maker, White'](https://slickdeals.net/click?trd=Get+Deal+at+Amazon&sdtid=20090094&tid=20090094&prop=diavail-true%7Cdincp-0%7Cdinpd-1%7Cdipgavail-true&pv=c28e2146bf4411f18fa3ae76506c83d4&au=a5efab46cb4444ae90c55b57a55c4bae&action_source=Deal+Details+-+Main+CTA)",$61.70,Posted Yesterday ,+6,"1,608 Views",0 Comments
['Charms Blow Pops Box of 100 $13.97 Prime Ship or at $35 Amazon (cheaper than Sams and Costco)'](https://slickdeals.net/click?trd=Get+Deal+at+Amazon&sdtid=20080788&tid=20080788&prop=diavail-false%7Cdincp-0%7Cdinpd-0%7Cdipgavail-false&pv=c36cf8b2bf4411f19add423043830975&au=a9401b6bfad84de8837f940440eb8bd4&action_source=Deal+Details+-+Main+CTA),$13.97,Posted 09-30-2026 ,+7,"2,630 Views",2 Comments
['Fanttik A10 Pro 2-in-1 Digital Laser Tape Measure (165 ft) $48.99 + Free Shipping'](https://slickdeals.net/click?trd=Get+Deal+at+Amazon&sdtid=20091030&tid=20091030&prop=diavail-true%7Cdincp-0%7Cdinpd-11%7Cdipgavail-true&pv=c44ba044bf4411f18f0de20fb9b83745&au=9f52c325bbf14f88bfca4a56706a6c51&action_source=Deal+Details+-+Main+CTA),$48.99,Posted Yesterday ,+8,"1,223 Views",3 Comments
"['Tellicherry Black Pepper, Whole Peppercorn~$8.16 With S&S @ Amazon~Buy 4 & Save More!'](https://slickdeals.net/click?trd=Get+Deal+at+Amazon&sdtid=20091132&tid=20091132&prop=diavail-true%7Cdincp-0%7Cdinpd-14%7Cdipgavail-true&pv=c540571abf4411f1b5c9e217579d49e1&au=4aad3c94926a4884a2c6cbc509287862&action_source=Deal+Details+-+Main+CTA)",$8.16,Posted Yesterday ,+9,"1,064 Views",0 Comments
"['Hisense UR8 RGB MiniLED 4K 180Hz HDR Smart Google TV (2026): 55"" $900; 65"" $1200 & More+ Free Shipping'](https://slickdeals.net/click?trd=Get+Deal+at+Best+Buy&sdtid=20085684&tid=20085684&prop=diavail-true%7Cdincp-0%7Cdinpd-3%7Cdipgavail-true&pv=c61f9128bf4411f18f216e166978802f&au=0a53d6702220446b99404da0bab5974e&action_source=Deal+Details+-+Main+CTA)",$900.00,Posted 10-01-2026 ,+4,"2,936 Views",4 Comments
['Best Buy Essentials 10W Magnetic Wireless Charger for MagSafe & Qi Devices (White) $5.99 + Free Store Pickup at Best Buy'](https://slickdeals.net/click?trd=Get+Deal+at+Best+Buy&sdtid=20081823&tid=20081823&prop=diavail-false%7Cdincp-0%7Cdinpd-0%7Cdipgavail-true&pv=c70ed5bcbf4411f1a095be00fabfcffb&au=b757015c9a094bde92c6c237d3a40a39&action_source=Deal+Details+-+Main+CTA),$5.99,Posted 09-30-2026 ,+4,"1,382 Views",1 Comments
"['San Marcos Whole Jalapeno Peppers, 26 Ounce & More~$1.55 With S&S @ Amazon'](https://slickdeals.net/click?trd=Get+Deal+at+Amazon&sdtid=20090934&tid=20090934&prop=diavail-true%7Cdincp-0%7Cdinpd-20%7Cdipgavail-true&pv=c7dbd094bf4411f18bc1c2864edf0641&au=54f171e951b144d3a149d64ce3f168fe&action_source=Deal+Details+-+Main+CTA)",$1.55,Posted Yesterday ,+10,"1,369 Views",3 Comments
['20% Off Genuine Toyota Parts & Accessories - Free S&H on $75+'](https://slickdeals.net/click?trd=Get+Deal+at+Retailer&sdtid=20090382&tid=20090382&prop=diavail-false%7Cdincp-0%7Cdinpd-0%7Cdipgavail-false&pv=c8cc94debf4411f1b5516a320c0008fc&au=1b551ca5b8594e4e8c75b4995a14be5f&action_source=Deal+Details+-+Main+CTA),,Posted Yesterday ,+10,"2,209 Views",9 Comments
['adidas men Axis Knit Training Shorts $13 + Free Shipping'](https://slickdeals.net/click?trd=Get+Deal+at+eBay&sdtid=20091069&tid=20091069&prop=diavail-false%7Cdincp-0%7Cdinpd-0%7Cdipgavail-false&pv=c9cc78eabf4411f18a24423043830975&au=2f21af5bff87454e8c1a31a5bb51c8a7&action_source=Deal+Details+-+Main+CTA),$13.00,Posted Yesterday ,+13,"2,164 Views",0 Comments
"[""3.3' iVANKY up to 120Gbps / 240W PD Intel Certified Thunderbolt 5 Cable $19 + Free Shipping w/ Prime""](https://slickdeals.net/click?trd=Get+Deal+at+Amazon&sdtid=20077089&tid=20077089&prop=diavail-false%7Cdincp-0%7Cdinpd-0%7Cdipgavail-true&pv=caa64476bf4411f1b5516a320c0008fc&au=4089276dd39b44928bcb31526807e255&action_source=Deal+Details+-+Main+CTA)",$19.00,Posted 09-29-2026 ,+12,"1,817 Views",1 Comments
"['[S&S] Aussie Total Miracle Hair Care Bundle: Shampoo, Conditioner, and 3 Minute Deep Treatment with Apricot & Macadamia Oil, Paraben-Free for Damaged Hair, 26.2 & 8 Fl Oz $12.16'](https://slickdeals.net/click?trd=Get+Deal+at+Amazon&sdtid=20090868&tid=20090868&prop=diavail-false%7Cdincp-0%7Cdinpd-0%7Cdipgavail-false&pv=cba177c4bf4411f19ccd8635c2d9b61b&au=d90e51c754a746ddb673aeb751c85f1e&action_source=Deal+Details+-+Main+CTA)",$12.16,Posted Yesterday ,+10,"1,629 Views",1 Comments
"['Toshiba 65"" Class Z670R Series Mini-LED 4K UHD 144Hz Smart Fire TV (65Z670R, 2026) $697.99'](https://slickdeals.net/click?trd=Get+Deal+at+Amazon&sdtid=20078025&tid=20078025&prop=diavail-true%7Cdincp-0%7Cdinpd-4%7Cdipgavail-true&pv=cc7690e4bf4411f1a2ed2e250902543e&au=35b48c1504f347f184385e293285d275&action_source=Deal+Details+-+Main+CTA)",$697.99,Posted 09-30-2026 ,+5,"2,471 Views",2 Comments
['Better Homes & Gardens Lillian Fluted Bar Cabinet w/ Storage (Natural Pine) $118 + Free Shipping'](https://slickdeals.net/click?trd=Get+Deal+at+Walmart&sdtid=20088510&tid=20088510&prop=diavail-false%7Cdincp-0%7Cdinpd-0%7Cdipgavail-true&pv=cd64f612bf4411f1afdb868697983cf8&au=f8ae17e87a7247108998df2bb0fb4f2b&action_source=Deal+Details+-+Main+CTA),$118.00,Posted Yesterday ,+9,"1,740 Views",0 Comments
['$249.99 | Marshall Stanmore III Bluetooth Home Speaker at Amazon'](https://slickdeals.net/click?trd=Get+Deal+at+Amazon&sdtid=20087400&tid=20087400&prop=diavail-false%7Cdincp-0%7Cdinpd-0%7Cdipgavail-true&pv=ce4ffd88bf4411f1836c8635c2d9b61b&au=1212cfadd8b54ffa8ecde5e31a0fd75c&action_source=Deal+Details+-+Main+CTA),$249.99,Posted Yesterday ,+9,"1,669 Views",0 Comments
['SONIC X SHADOW GENERATIONS PC/Steam - Loaded for $7.29'](https://slickdeals.net/click?trd=Get+Deal+at+Loaded&sdtid=20085135&tid=20085135&prop=diavail-false%7Cdincp-0%7Cdinpd-0%7Cdipgavail-false&pv=cf40af8abf4411f186e7ae76506c83d4&au=e20fbd81078741378c58880b32484709&action_source=Deal+Details+-+Main+CTA),$7.29,Posted 10-01-2026 ,+10,"1,431 Views",0 Comments
"['Amazon – SUNROX 24"" x 24"" All-Weather Patio Cushion - $19.99 w/ Code'](https://slickdeals.net/click?trd=Get+Deal+at+Amazon&sdtid=20066676&tid=20066676&prop=diavail-false%7Cdincp-0%7Cdinpd-0%7Cdipgavail-false&pv=d016d4cabf4411f1a1516e28d038c26e&au=e59888dec55b484898a0afe951f15ffb&action_source=Deal+Details+-+Main+CTA)",$19.99,Posted 09-27-2026 ,+4,"2,477 Views",0 Comments
['SKIL Twist 2.0 4V Rechargeable Electric Screwdriver w/ Pivoting Head & 2-Piece Bit Set (SD5619-01) $20.48 + Free Shipping w/ Prime or on $35+'](https://slickdeals.net/click?trd=Get+Deal+at+Amazon&sdtid=20087115&tid=20087115&prop=diavail-true%7Cdincp-1%7Cdinpd-20%7Cdipgavail-true&pv=d0f6672abf4411f190f5423043830975&au=ac8e6a4b17ed47759ae4e8f455b4fd81&action_source=Deal+Details+-+Main+CTA),$20.48,Posted 10-01-2026 ,+7,"1,569 Views",0 Comments
['Regional $1.88 FS Walmart+ Pillsbury Funfetti Halloween Cake/Cupcake Mixes ($2.08 in other areas)'](https://slickdeals.net/click?trd=Get+Deal+at+Walmart&sdtid=20089188&tid=20089188&prop=diavail-true%7Cdincp-1%7Cdinpd-0%7Cdipgavail-true&pv=d2620074bf4411f1a9b1cede33384891&au=b1fd3d1e02064d24875a348554a4db1f&action_source=Deal+Details+-+Main+CTA),$1.88,Posted Yesterday ,+6,"1,418 Views",3 Comments
['Wooden Ghost Halloween Decorations Indoor– Set of 3 $3.99 Sizes Rustic Shelf Sitters with Fabric Ghost Figures'](https://slickdeals.net/click?trd=Get+Deal+at+Amazon&sdtid=20090673&tid=20090673&prop=diavail-false%7Cdincp-0%7Cdinpd-0%7Cdipgavail-false&pv=d36c9f1abf4411f1bd18fa09d8498fdc&au=e969aa3c46524244b0d183af89d76e7c&action_source=Deal+Details+-+Main+CTA),$3.99,Posted Yesterday ,+8,"2,422 Views",1 Comments
['DJI Neo 2 Fly More Combo With RC-N3 Remote Controller Drones $479.40 + Free Shipping'](https://slickdeals.net/click?trd=Get+Deal+at+AliExpress&sdtid=20088288&tid=20088288&prop=diavail-false%7Cdincp-0%7Cdinpd-0%7Cdipgavail-false&pv=d47edc1abf4411f1b0ba2e250902543e&au=cb88857c7cc54912ab9b950a0252e1a3&action_source=Deal+Details+-+Main+CTA),$479.40,Posted Yesterday ,+5,"1,267 Views",2 Comments
"['Aairsk X5 20"" Fat Tire 48V 15Ah 1500W Motor All Terrain Electric Bike $482 + Free Shipping'](https://slickdeals.net/click?trd=Get+Deal+at+AliExpress&sdtid=20090592&tid=20090592&prop=diavail-false%7Cdincp-0%7Cdinpd-0%7Cdipgavail-false&pv=d567067abf4411f1affa16194fbe0b20&au=02f97362299f4077b7391d56b4e7a4c2&action_source=Deal+Details+-+Main+CTA)",$482.00,Posted Yesterday ,+7,"1,696 Views",3 Comments
"['[Prime] Shark PowerPro Reveal Plus Cordless Stick Vacuum w/ HEPA Filter & Anti-Hair Wrap (IZ376H, Charcoal) $189.99 + Free Shipping'](https://slickdeals.net/click?trd=Get+Deal+at+Amazon&sdtid=20084616&tid=20084616&prop=diavail-true%7Cdincp-0%7Cdinpd-4%7Cdipgavail-true&pv=d663065abf4411f186e7ae76506c83d4&au=899bffd0c88147a0a6af31bd8ec24997&action_source=Deal+Details+-+Main+CTA)",$189.99,Posted 10-01-2026 ,+7,"1,503 Views",1 Comments
['287-Pc LEGO Speed Champions McLaren W1 Race Car Toy (77257) $22.49 + Free Shipping w/ Prime or on $35+'](https://slickdeals.net/click?trd=Get+Deal+at+Amazon&sdtid=20073699&tid=20073699&prop=diavail-true%7Cdincp-2%7Cdinpd-10%7Cdipgavail-true&pv=d77ec150bf4411f1b3178ac793669e7a&au=f0940e8151524c18987f8144d7a8fa16&action_source=Deal+Details+-+Main+CTA),$22.49,Posted 09-29-2026 ,+6,"1,477 Views",0 Comments
['Geekom IT13 Max Intel® Core™ Ultra 9 185H - U9-185H | 24GB LPDDR5 RAM | 500GB SSD $669'](https://slickdeals.net/click?trd=Get+Deal+at+Retailer&sdtid=20089878&tid=20089878&prop=diavail-false%7Cdincp-0%7Cdinpd-0%7Cdipgavail-false&pv=d85e0a5ebf4411f1b9031eecbc8fbdc8&au=34151c0a786e480ea2dea9f8d3c0f661&action_source=Deal+Details+-+Main+CTA),$669.00,Posted Yesterday ,+5,"2,572 Views",2 Comments
"['108-Piece DEWALT 1/4"" & 3/8"" Drive SAE Mechanics Tools & Socket Set (DWMT73801) $79.97 + Free Shipping'](https://slickdeals.net/click?trd=Get+Deal+at+Amazon&sdtid=20090949&tid=20090949&prop=diavail-true%7Cdincp-1%7Cdinpd-19%7Cdipgavail-true&pv=d931cc54bf4411f19e1ce217579d49e1&au=c1eb3f6f99364f4c9abe43ebb6ac6487&action_source=Deal+Details+-+Main+CTA)",$79.97,Posted Yesterday ,+16,"2,887 Views",1 Comments
['$207.99* | 70-Qt Igloo Trailmate Journey Wheeled Cooler (Bone) at Amazon'](https://slickdeals.net/click?trd=Get+Deal+at+Amazon&sdtid=20087124&tid=20087124&prop=diavail-true%7Cdincp-0%7Cdinpd-3%7Cdipgavail-true&pv=da865340bf4411f18008f6ddb32e587c&au=a7f7bde1fd0348cfbf4a374e9f1099d5&action_source=Deal+Details+-+Main+CTA),$207.99,Posted 10-01-2026 ,+5,"1,830 Views",0 Comments
"['Marriott Bonvoy: New Eat Around Town Members: Earn 6000 Points for Dining 3 Times after Registration, Dine, and Review within 60 Days'](https://slickdeals.net/click?trd=Get+Deal+at+Marriott&sdtid=20090415&tid=20090415&prop=diavail-false%7Cdincp-0%7Cdinpd-0%7Cdipgavail-false&pv=db834370bf4411f19ffab29c7ef057fd&au=91bba71c16554baabf4ba1ee34e4c74e&action_source=Deal+Details+-+Main+CTA)",,Posted Yesterday ,+12,"2,779 Views",4 Comments
"[""3' x 2' TRU RED Templated Magnetic Glass Dry-Erase Whiteboard $28.76 at Staples w/ Free Store Pickup""](https://slickdeals.net/click?trd=Get+Deal+at+Staples&sdtid=20071707&tid=20071707&prop=diavail-false%7Cdincp-0%7Cdinpd-0%7Cdipgavail-true&pv=dc792330bf4411f1b26aa67eb983c77f&au=e5650666c8004667ab719a3a7f79a145&action_source=Deal+Details+-+Main+CTA)",$28.76,Posted 09-28-2026 ,+8,"1,540 Views",1 Comments
"['21V Weed Wacker with 2x2.5Ah Batteries, $34.29 with code'](https://slickdeals.net/click?trd=Get+Deal+at+Amazon&sdtid=20088774&tid=20088774&prop=diavail-true%7Cdincp-0%7Cdinpd-1%7Cdipgavail-false&pv=dd64f1b6bf4411f18614423043830975&au=0da0328bf5a2447abc1cf6c1b8ac83ab&action_source=Deal+Details+-+Main+CTA)",$34.29,Posted Yesterday ,+7,"2,168 Views",5 Comments
"['2-Piece Staub Ceramic Rectangular Baking Dish Set (3 Colors: 7.5"" x 6"" & 10.5"" x 7.5"") $59.99 + Free Shipping'](https://slickdeals.net/click?trd=Get+Deal+at+Macy%27s&sdtid=20090274&tid=20090274&prop=diavail-false%7Cdincp-0%7Cdinpd-0%7Cdipgavail-false&pv=de26bb66bf4411f18415da1ed3f17f22&au=e21b48ded7444dab9acb50d2d8025b82&action_source=Deal+Details+-+Main+CTA)",$59.99,Posted Yesterday ,+6,"1,121 Views",0 Comments
['Amazon – ILIFE A30 Pro Robot Vacuum & Mop w/ Self-Empty Base - $159 w/ Code'](https://slickdeals.net/click?trd=Get+Deal+at+Amazon&sdtid=20089032&tid=20089032&prop=diavail-true%7Cdincp-0%7Cdinpd-3%7Cdipgavail-true&pv=df04eb34bf4411f18d71be00fabfcffb&au=24dc49e1c0014595949b546cbf2ff0f1&action_source=Deal+Details+-+Main+CTA),$159.00,Posted Yesterday ,+4,"1,077 Views",0 Comments
"['60.7"" JUOIFIP Toy Storage Organizer w/ Bookshelf & Stuffed Animal Storage $74.99 + Free Shipping'](https://slickdeals.net/click?trd=Get+Deal+at+Amazon&sdtid=20088885&tid=20088885&prop=diavail-false%7Cdincp-0%7Cdinpd-0%7Cdipgavail-true&pv=e030430abf4411f18cbafa09d8498fdc&au=786bca61d8994a1a8cb5d59dee8fb661&action_source=Deal+Details+-+Main+CTA)",$74.99,Posted Yesterday ,+10,"2,922 Views",0 Comments
['$10.58 | 14-Piece DeWalt Screwdriver Bit Magnetic Drive Guide Set at Amazon'](https://slickdeals.net/click?trd=Get+Deal+at+Amazon&sdtid=20089923&tid=20089923&prop=diavail-true%7Cdincp-0%7Cdinpd-11%7Cdipgavail-true&pv=e1b8889abf4411f1afd0e217579d49e1&au=331b08c26fcb4a1493bef5bf627ab7fd&action_source=Deal+Details+-+Main+CTA),$10.58,Posted Yesterday ,+6,"2,142 Views",0 Comments
"['Costco - Neutrogena Hydro Boost Body Gel Cream, 16 fl oz, 2-pack $4.97 in store only YMMV'](https://slickdeals.net/click?trd=See+Deal&sdtid=20090409&tid=20090409&prop=diavail-false%7Cdincp-0%7Cdinpd-0%7Cdipgavail-false&pv=e2a3560ebf4411f1aadf4ebd1ab6e04a&au=1c3e543f650f4a2e9c21f55e994edf52&action_source=Deal+Details+-+Main+CTA)",$4.97,Posted Yesterday ,+16,"2,677 Views",1 Comments
"['$30* | 17.75"" SwissGear Viibe Laptop Backpack (Olive) at Amazon'](https://slickdeals.net/click?trd=Get+Deal+at+Amazon&sdtid=20090121&tid=20090121&prop=diavail-true%7Cdincp-0%7Cdinpd-1%7Cdipgavail-true&pv=e399abf8bf4411f191431eecbc8fbdc8&au=28c33ee6e5434ceb8ad0668822d591bd&action_source=Deal+Details+-+Main+CTA)",$30.00,Posted Yesterday ,+9,"2,938 Views",2 Comments
['IkeeRuic Solar Flickering Flame Halloween Outdoor Pathway Lights (Purple) $12.98 + Free Shipping w/ Prime or on $35+'](https://slickdeals.net/click?trd=Get+Deal+at+Amazon&sdtid=20090472&tid=20090472&prop=diavail-false%7Cdincp-0%7Cdinpd-0%7Cdipgavail-false&pv=e52d9290bf4411f1a94d423043830975&au=0d6f4f3dfb5543a0b4976dce721c4eb4&action_source=Deal+Details+-+Main+CTA),$12.98,Posted Yesterday ,+12,"3,061 Views",4 Comments
['$9.99 | NETGEAR 5-Port Gigabit Ethernet Unmanaged Network Switch (GS305) at Amazon'](https://slickdeals.net/click?trd=Get+Deal+at+Amazon&sdtid=20090568&tid=20090568&prop=diavail-true%7Cdincp-0%7Cdinpd-7%7Cdipgavail-true&pv=e5ff7710bf4411f18614423043830975&au=333a459069a04f75b7147f25bbe145d8&action_source=Deal+Details+-+Main+CTA),$9.99,Posted Yesterday ,+10,"2,196 Views",3 Comments
['Citizen Classic Corso Eco-Drive AT2141-52L 42mm Chronograph Watch (Blue Dial) $355.81 + Free Shipping'](https://slickdeals.net/click?trd=Get+Deal+at+Amazon&sdtid=20077380&tid=20077380&prop=diavail-true%7Cdincp-0%7Cdinpd-3%7Cdipgavail-true&pv=e6b8b932bf4411f1a42766b63264b922&au=d02071fcce724119ae7aff1adcaeff8a&action_source=Deal+Details+-+Main+CTA),$355.81,Posted 09-29-2026 ,+7,"1,900 Views",3 Comments
"[""Armor All 7-Count Car Care Kit $10.04 + Free Store Pickup at Lowe's or Free Shipping on $25+""](https://slickdeals.net/click?trd=Get+Deal+at+Lowe%27s&sdtid=20089815&tid=20089815&prop=diavail-false%7Cdincp-0%7Cdinpd-0%7Cdipgavail-false&pv=e7b771fcbf4411f1a1516e28d038c26e&au=15e8dda058d74b449071db2a7515f499&action_source=Deal+Details+-+Main+CTA)",$10.04,Posted Yesterday ,+8,"1,573 Views",1 Comments
"[""Amazon – CADITEX Women's Mock-Neck Long-Sleeve Bodysuit - $5.39–$7.79 w/ Code""](https://slickdeals.net/click?trd=Get+Deal+at+Amazon&sdtid=20089158&tid=20089158&prop=diavail-false%7Cdincp-0%7Cdinpd-0%7Cdipgavail-false&pv=e88aca3ebf4411f1836c8635c2d9b61b&au=045b519c429c40c09bad995937578388&action_source=Deal+Details+-+Main+CTA)",$7.79,Posted Yesterday ,+8,"2,254 Views",0 Comments
"['DeWalt FLEXVOLT 60V MAX 18"" Brushless Cordless Chainsaw Kit w/ 3.0Ah Battery & Charger $379.00 + Free Shipping'](https://slickdeals.net/click?trd=Get+Deal+at+Home+Depot&sdtid=20087958&tid=20087958&prop=diavail-true%7Cdincp-1%7Cdinpd-1%7Cdipgavail-true&pv=e94da630bf4411f185c0fa09d8498fdc&au=e7b66a8bf4a44b42b9da8d2319a8c8b2&action_source=Deal+Details+-+Main+CTA)",$379.00,Posted Yesterday ,+7,"1,613 Views",3 Comments
['$51.99* | 525-Pc LEGO Star Wars AT-AT Walker Building Set at Amazon'](https://slickdeals.net/click?trd=Get+Deal+at+Amazon&sdtid=20088696&tid=20088696&prop=diavail-true%7Cdincp-2%7Cdinpd-11%7Cdipgavail-true&pv=ea620570bf4411f19ff6423043830975&au=cbeddcce8380496888d025ceede6a0ee&action_source=Deal+Details+-+Main+CTA),$51.99,Posted Yesterday ,+8,"1,250 Views",1 Comments
['[Prime] Amazon – Toshiba 3-Cup Mini Rice Cooker - $74.48'](https://slickdeals.net/click?trd=Get+Deal+at+Amazon&sdtid=20089269&tid=20089269&prop=diavail-true%7Cdincp-0%7Cdinpd-11%7Cdipgavail-true&pv=eb4b6184bf4411f184497678f6db10bb&au=3248ac46b7ff41d5911d1bb41bae568c&action_source=Deal+Details+-+Main+CTA),$74.48,Posted Yesterday ,+6,"2,075 Views",0 Comments
"['[Prime] $14.99* | 11""x14"" Farberware Bamboo Cutting Board w/ Clear Locking Lid & Handles at Amazon'](https://slickdeals.net/click?trd=Get+Deal+at+Amazon&sdtid=20089533&tid=20089533&prop=diavail-true%7Cdincp-0%7Cdinpd-1%7Cdipgavail-true&pv=ec5984a2bf4411f186062e250902543e&au=144c09f8e5504bac91cd2d619dde8d98&action_source=Deal+Details+-+Main+CTA)",$14.99,Posted Yesterday ,+11,"2,263 Views",0 Comments
"[""PUMA Men's CloudSpun Tech ¼ Zip Top (Mint) $18.97 + Free Shipping on $49""](https://slickdeals.net/click?trd=Get+Deal+at+Retailer&sdtid=20089461&tid=20089461&prop=diavail-false%7Cdincp-0%7Cdinpd-0%7Cdipgavail-false&pv=ed49b404bf4411f1b67ce217579d49e1&au=60308529142f4d6ba647141636a5c7f0&action_source=Deal+Details+-+Main+CTA)",$18.97,Posted Yesterday ,+8,"1,866 Views",0 Comments
['$3 | Kindle ebook - Star Wars Encyclopedia: The Comprehensive Guide to the Star Wars Galaxy $2.99'](https://slickdeals.net/click?trd=Get+Deal+at+Amazon&sdtid=20089410&tid=20089410&prop=diavail-false%7Cdincp-0%7Cdinpd-0%7Cdipgavail-true&pv=ee214f72bf4411f192346e28d038c26e&au=b9170ea811264fc4bf45e990b42f7f55&action_source=Deal+Details+-+Main+CTA),$2.99,Posted Yesterday ,+11,"2,105 Views",4 Comments
"[""On Cloud 6 Versa Women's Shoes (Ice/Spirulina) $90 + Free Shipping""](https://slickdeals.net/click?trd=Get+Deal+at+On+Running&sdtid=20089308&tid=20089308&prop=diavail-false%7Cdincp-0%7Cdinpd-0%7Cdipgavail-false&pv=ef373c50bf4411f1a2d9d27b60ab1283&au=5b490feecdea4309b90f0f99f8bd8b4d&action_source=Deal+Details+-+Main+CTA)",$90.00,Posted Yesterday ,+14,"3,378 Views",0 Comments
"['Amazon Haul: 10 Pack Pureegg Plastic Tablecloths, Disposable 54 x 108 Inch Halloween Party Decorations, Halloween Tablecloths - $4.99'](https://slickdeals.net/click?trd=Get+Deal+at+Amazon&sdtid=20089722&tid=20089722&prop=diavail-false%7Cdincp-0%7Cdinpd-0%7Cdipgavail-false&pv=f00d8abcbf4411f1b4728ac793669e7a&au=1dccc3a60d0049e7984b30e64e4ea812&action_source=Deal+Details+-+Main+CTA)",$4.99,Posted Yesterday ,+6,"2,104 Views",0 Comments
['DEWALT TOUGH GRIP Screwdriver Bit Set 35 -Piece | DWAF35SETBTG $9.98'](https://slickdeals.net/click?trd=Get+Deal+at+Lowe%27s&sdtid=20090601&tid=20090601&prop=diavail-true%7Cdincp-0%7Cdinpd-4%7Cdipgavail-true&pv=f128d294bf4411f1a655b29c7ef057fd&au=99cff971ad3e4e0e813a96ad8d88bfad&action_source=Deal+Details+-+Main+CTA),$9.98,Posted Yesterday ,+9,"1,648 Views",0 Comments
['New Nonstop Between Salt Lake City - Grand Canyon Village Flagstaff AZ $284 Regular Economy Round Trip Airfares on Delta Air Lines (Peak Summer Travel June - August 2027)'](https://slickdeals.net/click?trd=Get+Deal+at+Delta+Airlines&sdtid=20089896&tid=20089896&prop=diavail-false%7Cdincp-0%7Cdinpd-0%7Cdipgavail-false&pv=f22e70e0bf4411f19b311eecbc8fbdc8&au=5cde36677dd24c52b9d0c65a259a358b&action_source=Deal+Details+-+Main+CTA),$284.00,Posted Yesterday ,+9,"1,487 Views",0 Comments
"[""[SnS] $7.30 | 4-Pack 8-Oz Bob's Red Mill Wheat Bran at Amazon ($1.82 each)""](https://slickdeals.net/click?trd=Get+Deal+at+Amazon&sdtid=20090109&tid=20090109&prop=diavail-false%7Cdincp-0%7Cdinpd-0%7Cdipgavail-false&pv=f35559debf4411f1b67aae76506c83d4&au=95fe0dca94f241028959e41f7cf4ce22&action_source=Deal+Details+-+Main+CTA)",$7.30,Posted Yesterday ,+9,"1,251 Views",0 Comments
['$37.79* | 2-Pc Wrangler Smart Spinner Hardside Luggage at Amazon'](https://slickdeals.net/click?trd=Get+Deal+at+Amazon&sdtid=20087232&tid=20087232&prop=diavail-true%7Cdincp-0%7Cdinpd-3%7Cdipgavail-true&pv=f4405fe2bf4411f1925d8e2b28bd7da5&au=5dbf26ca431b458baa7230d23af72c03&action_source=Deal+Details+-+Main+CTA),$37.79,Posted Yesterday ,+6,"2,325 Views",4 Comments
['$20.99* | 215-Piece LEGO Star Wars Clone Trooper & Battle Droid Battle Pack Building Set at Amazon'](https://slickdeals.net/click?trd=Get+Deal+at+Amazon&sdtid=20088927&tid=20088927&prop=diavail-true%7Cdincp-1%7Cdinpd-8%7Cdipgavail-true&pv=f52d2d40bf4411f19943e20fb9b83745&au=dacf44aeb0e5429fbbf27d9d522445a1&action_source=Deal+Details+-+Main+CTA),$20.99,Posted Yesterday ,+8,"1,126 Views",0 Comments
['$9.99* | Blackstone Smash & Sear Stainless Steel Burger Press at Amazon'](https://slickdeals.net/click?trd=Get+Deal+at+Amazon&sdtid=20090283&tid=20090283&prop=diavail-true%7Cdincp-1%7Cdinpd-6%7Cdipgavail-true&pv=f60b9594bf4411f185d8a67eb983c77f&au=01b5d1a209e84560807230fd7370c234&action_source=Deal+Details+-+Main+CTA),$9.99,Posted Yesterday ,+14,"2,174 Views",1 Comments
['DreamWorks Dragons Trial of Flame Torch Tower Playset $4.68 + Free Shipping w/ Prime or on $35+'](https://slickdeals.net/click?trd=Get+Deal+at+Amazon&sdtid=20090223&tid=20090223&prop=diavail-true%7Cdincp-0%7Cdinpd-2%7Cdipgavail-true&pv=f6dae254bf4411f1b907868697983cf8&au=2369a9e5c4c04f559757e2a6e5766186&action_source=Deal+Details+-+Main+CTA),$4.68,Posted Yesterday ,+5,"1,198 Views",0 Comments
['WOW World of Watersports Ace Racing 1-Person Towable Ski Tube $46.19 + Free Shipping w/ Walmart+ or on $35+'](https://slickdeals.net/click?trd=Get+Deal+at+Walmart&sdtid=20090208&tid=20090208&prop=diavail-true%7Cdincp-1%7Cdinpd-0%7Cdipgavail-false&pv=f7a2ac4ebf4411f188946a320c0008fc&au=9b33c4436b394b129f4787da609fbfd8&action_source=Deal+Details+-+Main+CTA),$46.19,Posted Yesterday ,+8,"1,038 Views",1 Comments
['[Prime] $12.46* | The New York Times Cooking No-Recipe Recipes Cookbook (Paperback) at Amazon'](https://slickdeals.net/click?trd=Get+Deal+at+Amazon&sdtid=20090364&tid=20090364&prop=diavail-true%7Cdincp-0%7Cdinpd-3%7Cdipgavail-true&pv=f8693a6cbf4411f1b789ae76506c83d4&au=5be370c2a9dd4e94bb44737de34c4071&action_source=Deal+Details+-+Main+CTA),$12.46,Posted Yesterday ,+8,"1,730 Views",3 Comments
['[Prime] $30.38* | Belkin 5-Port Up to 100W PD USB-C Hub w/ 4K HDMI at Amazon'](https://slickdeals.net/click?trd=Get+Deal+at+Amazon&sdtid=20082060&tid=20082060&prop=diavail-true%7Cdincp-0%7Cdinpd-3%7Cdipgavail-true&pv=f95d9490bf4411f1bdbd2e7f71484f8c&au=f33ebbd720d841fb8762565aa4ca5a33&action_source=Deal+Details+-+Main+CTA),$30.38,Posted 10-01-2026 ,+6,"1,438 Views",0 Comments
"['4.5"" Hyper Tough Retractable Razor Blade Scraper $3.52 + Free Shipping w/ Walmart+ or on $35+'](https://slickdeals.net/click?trd=Get+Deal+at+Walmart&sdtid=20078055&tid=20078055&prop=diavail-true%7Cdincp-1%7Cdinpd-0%7Cdipgavail-false&pv=fa5fe1a4bf4411f1868e4acec32e073e&au=b2f488500d2b4aa99ff4d42a3aa8dbba&action_source=Deal+Details+-+Main+CTA)",$3.52,Posted 09-30-2026 ,+6,"2,188 Views",0 Comments
['[AC] $20.78: TAMASHII NATIONS Gundam GQuuuuuuX GMS-Omega Action Figure at Amazon'](https://slickdeals.net/click?trd=Get+Deal+at+Amazon&sdtid=20086584&tid=20086584&prop=diavail-true%7Cdincp-0%7Cdinpd-6%7Cdipgavail-true&pv=fb4d892cbf4411f1a4bf8635c2d9b61b&au=61aba460ff524f64a077b1f0779b5dcb&action_source=Deal+Details+-+Main+CTA),$20.78,Posted 10-01-2026 ,+6,"1,577 Views",0 Comments
"[""Merrell Men's Agility Peak 5 Trek SE Sneakers (Limited Sizes) $69.99""](https://slickdeals.net/click?trd=Get+Deal+at+REI&sdtid=20089809&tid=20089809&prop=diavail-false%7Cdincp-0%7Cdinpd-0%7Cdipgavail-false&pv=fc1b6e64bf4411f1afd0e217579d49e1&au=bbca2e602e4b423c9252f0b7c2bdcd96&action_source=Deal+Details+-+Main+CTA)",$69.99,Posted Yesterday ,+11,"1,989 Views",1 Comments
"['$1.49 | Shōgun, Part One (The Asian Saga) (Kindle eBook) by James Clavell'](https://slickdeals.net/click?trd=Get+Deal+at+Amazon&sdtid=20089692&tid=20089692&prop=diavail-false%7Cdincp-0%7Cdinpd-0%7Cdipgavail-true&pv=fd10578abf4411f1ae9fb29c7ef057fd&au=faf3791a429d48fe8ba9302876e15f97&action_source=Deal+Details+-+Main+CTA)",$1.49,Posted Yesterday ,+13,"1,401 Views",3 Comments
"['[Prime, SnS] $36.49 | 4-Pack Philips Norelco OneBlade 360 Replacement Blades at Amazon ($9.12 each)'](https://slickdeals.net/click?trd=Get+Deal+at+Amazon&sdtid=20082069&tid=20082069&prop=diavail-true%7Cdincp-0%7Cdinpd-8%7Cdipgavail-true&pv=fdefc4babf4411f19853e20fb9b83745&au=b0bec0343d9141adb26499f0044a37bb&action_source=Deal+Details+-+Main+CTA)",$36.49,Posted 10-01-2026 ,+10,"1,151 Views",0 Comments
['24L Nike Brasilia Training Backpack (Sesame) $23.77 + Free Shipping on $49+'](https://slickdeals.net/click?trd=Get+Deal+at+Retailer&sdtid=20088054&tid=20088054&prop=diavail-false%7Cdincp-0%7Cdinpd-0%7Cdipgavail-false&pv=feec165cbf4411f1a71412e4739491a8&au=7aa697895ba0498693af08754aade46b&action_source=Deal+Details+-+Main+CTA),$23.77,Posted Yesterday ,+7,"1,449 Views",0 Comments
"['TALIX Laptop Power Bank, 20000mAh Portable Charger with 190W Total Output $49.99'](https://slickdeals.net/click?trd=Get+Deal+at+Amazon&sdtid=20075886&tid=20075886&prop=diavail-false%7Cdincp-0%7Cdinpd-0%7Cdipgavail-false&pv=ffe39864bf4411f18ab0566ee087412a&au=7faba6fd862047e0ae31c5c4631132fe&action_source=Deal+Details+-+Main+CTA)",$49.99,Posted 09-29-2026 ,+7,"1,964 Views",2 Comments
['Amazon – Donse 7-Pc 0.5mm Black Ink Gel Pens - $2.99 w/ Code'](https://slickdeals.net/click?trd=Get+Deal+at+Amazon&sdtid=20089230&tid=20089230&prop=diavail-false%7Cdincp-0%7Cdinpd-0%7Cdipgavail-false&pv=00d83590bf4511f1951f868697983cf8&au=d86cede1e1e64044a8206dcea77b7df7&action_source=Deal+Details+-+Main+CTA),$2.99,Posted Yesterday ,+16,"2,583 Views",0 Comments
"['Nongshim Shin Ramyun Bowl Noodles, Spicy Korean Signature Instant Ramyun, Rich Beef Flavored Broth Microwaveable Bowl, 3.03 oz (Pack of 12)~$10.80 After Coupon @ Amazon'](https://slickdeals.net/click?trd=Get+Deal+at+Amazon&sdtid=20083014&tid=20083014&prop=diavail-true%7Cdincp-0%7Cdinpd-9%7Cdipgavail-true&pv=01974f98bf4511f19f222e7f71484f8c&au=f58189007d1640bc81bcbf7d71fe26b6&action_source=Deal+Details+-+Main+CTA)",$10.80,Posted 10-01-2026 ,+9,"1,700 Views",0 Comments
"['Smart Watch for Kids with Health Monitoring, Activity Tracking, $18.99 with coupon and code'](https://slickdeals.net/click?trd=Get+Deal+at+Amazon&sdtid=20088924&tid=20088924&prop=diavail-false%7Cdincp-0%7Cdinpd-0%7Cdipgavail-true&pv=02c3ea2abf4511f1ae196e28d038c26e&au=e9bfa7c7e15d4bd5889891460172dd95&action_source=Deal+Details+-+Main+CTA)",$18.99,Posted Yesterday ,+9,"1,384 Views",0 Comments
['2-Pack Linkind  A21 Smart 1600Lm LED Bulbs w/ Matter Compatibility & Color Changing (Multicolor) $13 + $6 Shipping'](https://slickdeals.net/click?trd=Get+Deal+at+Best+Buy&sdtid=20082951&tid=20082951&prop=diavail-false%7Cdincp-0%7Cdinpd-0%7Cdipgavail-true&pv=0383d84ebf4511f18274be00fabfcffb&au=b0e74d5f8c3448cfb76614e8c21d01c4&action_source=Deal+Details+-+Main+CTA),$13.00,Posted 10-01-2026 ,+5,"1,247 Views",2 Comments
['[Prime] 5-Piece Cuisinart AcaciaFusion Silicone Kitchen Tool Set $16.95 + Free Shipping'](https://slickdeals.net/click?trd=Get+Deal+at+Amazon&sdtid=20089479&tid=20089479&prop=diavail-false%7Cdincp-0%7Cdinpd-0%7Cdipgavail-false&pv=04b87eaebf4511f1b7776e669e1ba6d4&au=5856b7519ad544fbbe41ad20446b6542&action_source=Deal+Details+-+Main+CTA),$16.95,Posted Yesterday ,+10,"2,017 Views",1 Comments
"[""Amazon – Popilush Women's Long-Sleeve Built-In-Bra Jumpsuit - $19.99 w/ Code + Coupon""](https://slickdeals.net/click?trd=Get+Deal+at+Amazon&sdtid=20089257&tid=20089257&prop=diavail-false%7Cdincp-0%7Cdinpd-0%7Cdipgavail-false&pv=059c6222bf4511f1bdbd2e7f71484f8c&au=85e1aa2abc3c41f5908e46ca529406e5&action_source=Deal+Details+-+Main+CTA)",$19.99,Posted Yesterday ,+12,"2,545 Views",0 Comments
['EarthWay 10001 Precision Garden Seeder w/ 7 Seed Plates $68.50 + Free Shipping'](https://slickdeals.net/click?trd=Get+Deal+at+Amazon&sdtid=20090271&tid=20090271&prop=diavail-false%7Cdincp-0%7Cdinpd-0%7Cdipgavail-false&pv=06aa4a80bf4511f1a5a3ae76506c83d4&au=a1e80d0c09984ad8bcdb05cff1743506&action_source=Deal+Details+-+Main+CTA),$68.50,Posted Yesterday ,+12,"2,673 Views",0 Comments
['Veeool Electric Foot Warmer w/ 6-Level Heating & 4 Timer Settings $32.99 + Free Shipping w/ Prime or on $35+'](https://slickdeals.net/click?trd=Get+Deal+at+Amazon&sdtid=20088672&tid=20088672&prop=diavail-false%7Cdincp-0%7Cdinpd-0%7Cdipgavail-false&pv=079254e2bf4511f18638e20fb9b83745&au=2fd50956b7164ee19dd50404091db7c1&action_source=Deal+Details+-+Main+CTA),$32.99,Posted Yesterday ,+11,"1,829 Views",2 Comments
"[""Estée Lauder Revitalizing Supreme+ Youth Power Eye Cream w/ Hyaluronic Acid $46.80 + Free Store Pickup at Macy's or Free Shipping on $39+""](https://slickdeals.net/click?trd=Get+Deal+at+Macy%27s&sdtid=20089869&tid=20089869&prop=diavail-false%7Cdincp-0%7Cdinpd-0%7Cdipgavail-false&pv=087ddd90bf4511f1a8068624d4594cd5&au=a9adca07290c4e1a8be2eba2ab0e0d38&action_source=Deal+Details+-+Main+CTA)",$46.80,Posted Yesterday ,+6,732 Views,1 Comments
"['Yexmas 7FT Christmas Inflatables Snowman Blow Up Yard Decor with Music & 360 Rotation Colorful Projector LED Light for Outdoor Christmas Party ,Garden and Lawn $32.88'](https://slickdeals.net/click?trd=Get+Deal+at+Walmart&sdtid=20088249&tid=20088249&prop=diavail-false%7Cdincp-0%7Cdinpd-0%7Cdipgavail-false&pv=09c4943cbf4511f186c81eecbc8fbdc8&au=cc0b118461c245a8a074095aeb5383fc&action_source=Deal+Details+-+Main+CTA)",$32.88,Posted Yesterday ,+9,"1,356 Views",0 Comments
"['6 Pack VEVOR Flood Barrier, 2.7 x 1.4 ft Activated by Water $21.57 + Free S&H w/ Prime or $35+'](https://slickdeals.net/click?trd=Get+Deal+at+Amazon&sdtid=20063259&tid=20063259&prop=diavail-true%7Cdincp-0%7Cdinpd-2%7Cdipgavail-true&pv=0ae17bdcbf4511f1a759c27b1e6f7595&au=aef8c2eba6964104adb47728ce04983b&action_source=Deal+Details+-+Main+CTA)",$21.57,Posted 09-25-2026 ,+8,"2,416 Views",3 Comments
['$2.99 | The Song of the Cell: An Exploration of Medicine and the New Human (eBook) by Siddhartha Mukherjee'](https://slickdeals.net/click?trd=Get+Deal+at+Amazon&sdtid=20089629&tid=20089629&prop=diavail-false%7Cdincp-0%7Cdinpd-0%7Cdipgavail-false&pv=0bb6f884bf4511f199ce2e7f71484f8c&au=326f257940bf43898637430bfca989b3&action_source=Deal+Details+-+Main+CTA),$2.99,Posted Yesterday ,+9,"1,402 Views",1 Comments
"[""Hamilton American Classic Pan Europ 42mm Black Dial Men's Automatic Watch""](https://slickdeals.net/click?trd=Get+Deal+at+Ashford&sdtid=20089467&tid=20089467&prop=diavail-false%7Cdincp-0%7Cdinpd-0%7Cdipgavail-false&pv=0c646654bf4511f1a767c2864edf0641&au=acb72aa8e4b742bab09bf42019252419&action_source=Deal+Details+-+Main+CTA)",$615.12,Posted Yesterday ,+16,"2,299 Views",2 Comments
"['[SnS, AC] $4.89 | 12-Pk 2.25-Oz Maruchan Instant Lunch Ramen Noodles (Cheddar Cheese) at Amazon (40.8￠ each)'](https://slickdeals.net/click?trd=Get+Deal+at+Amazon&sdtid=20087145&tid=20087145&prop=diavail-true%7Cdincp-0%7Cdinpd-6%7Cdipgavail-true&pv=0d5e0ceabf4511f1b907868697983cf8&au=92387efd43d9411a8a365eae5c251587&action_source=Deal+Details+-+Main+CTA)",$4.89,Posted 10-01-2026 ,+5,"1,350 Views",0 Comments
"['[AC] $4.86 | 3M Heavy Duty Duct Tape Orange 2120-OR, 1.88 in x 20 yd at Amazon'](https://slickdeals.net/click?trd=Get+Deal+at+Amazon&sdtid=20090007&tid=20090007&prop=diavail-false%7Cdincp-0%7Cdinpd-0%7Cdipgavail-false&pv=0e35d9b8bf4511f1add1423043830975&au=241aca35244640c1a90522f0e63f944b&action_source=Deal+Details+-+Main+CTA)",$5.85,Posted Yesterday ,+32,"3,085 Views",11 Comments
"[""Nike Women's The Jordan Pointe Sneaker (Black Sail) $39.99 + Free Shipping""](https://slickdeals.net/click?trd=Get+Deal+at+Nordstrom&sdtid=20090298&tid=20090298&prop=diavail-false%7Cdincp-0%7Cdinpd-0%7Cdipgavail-false&pv=0f13919abf4511f195a9566ee087412a&au=500a8a2931ee4f0792f528dc9a888a00&action_source=Deal+Details+-+Main+CTA)",$39.99,Posted Yesterday ,+4,"4,287 Views",3 Comments
['301-Piece LEGO City Yellow Backhoe Loader Building Toy (60480) $23.95 + Free Shipping w/ Walmart+ or on $35+'](https://slickdeals.net/click?trd=Get+Deal+at+Walmart&sdtid=20087805&tid=20087805&prop=diavail-true%7Cdincp-2%7Cdinpd-1%7Cdipgavail-true&pv=10103170bf4511f19896fa09d8498fdc&au=e3bc779a35884fae81652393c5bfcda3&action_source=Deal+Details+-+Main+CTA),$23.95,Posted Yesterday ,+8,"1,295 Views",1 Comments
